Customer ID,Monetary,Recency,Frequency
12346.0,-51.74000000000524,326.0,12.0
12347.0,4921.53,2.0,8.0
12348.0,2019.4,75.0,5.0
12349.0,4404.54,19.0,4.0
12350.0,334.4,310.0,1.0
12351.0,300.93,375.0,1.0
12352.0,1889.21,36.0,10.0
12353.0,406.76,204.0,2.0
12354.0,1079.4,232.0,1.0
12355.0,947.61,214.0,2.0
12356.0,6371.73,23.0,6.0
12357.0,18287.66,33.0,3.0
12358.0,3887.07,2.0,5.0
12359.0,8652.34,58.0,10.0
12360.0,4212.89,52.0,8.0
12361.0,511.25,287.0,4.0
12362.0,5284.58,3.0,11.0
12363.0,552.0,110.0,2.0
12364.0,1313.1,8.0,4.0
12365.0,320.69,291.0,2.0
12366.0,500.24,634.0,1.0
12367.0,168.9,4.0,1.0
12368.0,917.6999999999999,628.0,1.0
12369.0,1791.15,413.0,3.0
12370.0,4316.56,51.0,7.0
12371.0,4067.38,45.0,5.0
12372.0,1298.04,72.0,3.0
12373.0,1127.65,311.0,3.0
12374.0,2989.2200000000003,25.0,4.0
12375.0,455.42,11.0,2.0
12376.0,503.15,390.0,2.0
12377.0,3426.32,315.0,4.0
12378.0,5416.32,130.0,2.0
12379.0,1618.27,82.0,4.0
12380.0,7888.0,22.0,11.0
12381.0,1803.96,5.0,5.0
12383.0,1839.31,185.0,5.0
12384.0,566.16,29.0,2.0
12385.0,1923.4,379.0,1.0
12386.0,401.9,338.0,2.0
12387.0,143.94,415.0,1.0
12388.0,3901.11,16.0,8.0
12389.0,1433.33,403.0,3.0
12390.0,549.84,80.0,1.0
12391.0,2699.24,22.0,6.0
12392.0,234.75000000000003,591.0,1.0
12393.0,2376.75,72.0,6.0
12394.0,1272.48,64.0,2.0
12395.0,4700.82,19.0,15.0
12396.0,931.43,674.0,1.0
12397.0,2409.9,36.0,2.0
12398.0,1635.6599999999999,46.0,1.0
12399.0,1962.3,119.0,7.0
12400.0,205.25,414.0,1.0
12401.0,84.3,303.0,1.0
12402.0,1244.15,323.0,6.0
12403.0,1001.36,50.0,2.0
12404.0,63.24,682.0,1.0
12405.0,1710.39,149.0,1.0
12406.0,6072.21,22.0,5.0
12407.0,1708.1200000000001,50.0,5.0
12408.0,4279.64,33.0,8.0
12409.0,23090.47,79.0,7.0
12410.0,1001.46,309.0,3.0
12411.0,346.9,410.0,1.0
12412.0,2581.03,75.0,6.0
12413.0,935.5,67.0,4.0
12414.0,692.41,217.0,6.0
12415.0,143269.29,24.0,28.0
12416.0,202.56,657.0,1.0
12417.0,6688.71,3.0,20.0
12418.0,2016.95,113.0,4.0
12419.0,503.01,386.0,2.0
12420.0,600.39,64.0,1.0
12421.0,1092.83,16.0,6.0
12422.0,4119.35,96.0,17.0
12423.0,2612.19,1.0,10.0
12424.0,3289.78,163.0,4.0
12425.0,1680.81,78.0,2.0
12426.0,1311.41,195.0,2.0
12427.0,708.37,22.0,3.0
12428.0,7877.2,26.0,9.0
12429.0,6154.01,9.0,8.0
12430.0,256.4,43.0,1.0
12431.0,10293.66,36.0,27.0
12432.0,5059.32,43.0,5.0
12433.0,16641.74,1.0,10.0
12434.0,1062.48,85.0,3.0
12435.0,13925.93,80.0,6.0
12436.0,509.01,100.0,1.0
12437.0,12394.85,2.0,39.0
12438.0,2906.85,14.0,2.0
12439.0,1089.18,683.0,2.0
12440.0,768.15,462.0,2.0
12441.0,173.55,367.0,1.0
12442.0,172.06,3.0,1.0
12443.0,485.31,732.0,1.0
12444.0,5005.46,21.0,5.0
12445.0,426.48,22.0,2.0
12446.0,1002.3100000000001,58.0,1.0
12447.0,476.49,243.0,1.0
12448.0,449.45,44.0,1.0
12449.0,4835.89,22.0,6.0
12450.0,666.95,156.0,5.0
12451.0,12546.53,11.0,8.0
12452.0,428.57,17.0,2.0
12453.0,707.09,134.0,1.0
12454.0,4292.71,56.0,5.0
12455.0,5879.95,73.0,10.0
12456.0,3153.89,44.0,3.0
12457.0,2472.31,66.0,8.0
12458.0,1777.49,71.0,4.0
12459.0,454.36,605.0,1.0
12460.0,326.65,456.0,1.0
12461.0,826.88,94.0,2.0
12462.0,1124.01,19.0,2.0
12463.0,1303.63,53.0,4.0
12464.0,1212.05,10.0,8.0
12465.0,733.89,17.0,2.0
12466.0,56.73,682.0,1.0
12467.0,0.0,423.0,1.0
12468.0,3624.55,188.0,5.0
12469.0,3070.54,523.0,2.0
12470.0,211.95,690.0,1.0
12471.0,37920.01,2.0,79.0
12472.0,15447.69,32.0,19.0
12473.0,2837.73,29.0,5.0
12474.0,11948.75,17.0,31.0
12475.0,1149.64,54.0,2.0
12476.0,13684.12,16.0,23.0
12477.0,20173.64,23.0,9.0
12478.0,680.99,4.0,1.0
12479.0,477.3,11.0,1.0
12480.0,5435.1,28.0,7.0
12481.0,12041.15,23.0,15.0
12482.0,21893.53,576.0,29.0
12483.0,4823.47,17.0,19.0
12484.0,6287.8,33.0,12.0
12485.0,708.1,529.0,1.0
12486.0,1037.28,432.0,1.0
12487.0,259.79999999999995,731.0,1.0
12488.0,1298.66,10.0,3.0
12489.0,334.93,336.0,1.0
12490.0,9818.64,5.0,21.0
12491.0,460.40000000000003,39.0,1.0
12492.0,715.21,63.0,3.0
12493.0,416.79,166.0,2.0
12494.0,1685.92,16.0,9.0
12495.0,323.4,641.0,1.0
12496.0,45.34,620.0,2.0
12497.0,6211.75,82.0,3.0
12498.0,403.70000000000005,21.0,3.0
12499.0,393.72,560.0,1.0
12500.0,5872.31,23.0,19.0
12501.0,2089.68,337.0,1.0
12502.0,3723.87,96.0,5.0
12503.0,0.0,584.0,1.0
12504.0,411.0,18.0,4.0
12505.0,908.0,409.0,1.0
12506.0,73.5,233.0,1.0
12507.0,1797.31,134.0,4.0
12508.0,397.88,26.0,2.0
12509.0,176.5,284.0,1.0
12510.0,3689.33,143.0,9.0
12511.0,3065.77,429.0,1.0
12512.0,132.18,66.0,2.0
12513.0,586.79,113.0,1.0
12514.0,1597.76,267.0,2.0
12515.0,383.7,353.0,1.0
12516.0,2648.62,78.0,4.0
12517.0,2443.65,28.0,5.0
12518.0,2056.89,1.0,5.0
12519.0,685.19,64.0,2.0
12520.0,2582.51,79.0,5.0
12521.0,599.68,143.0,1.0
12522.0,192.72,39.0,2.0
12523.0,4201.05,19.0,23.0
12524.0,11091.36,9.0,17.0
12525.0,835.1800000000001,498.0,3.0
12526.0,1316.66,1.0,3.0
12527.0,735.51,82.0,5.0
12528.0,1922.28,9.0,6.0
12529.0,311.78000000000003,528.0,1.0
12530.0,3689.86,60.0,9.0
12531.0,1899.05,15.0,2.0
12532.0,349.83000000000004,30.0,1.0
12533.0,1149.99,628.0,2.0
12534.0,1089.18,131.0,1.0
12535.0,716.35,92.0,2.0
12536.0,4106.82,43.0,3.0
12537.0,732.94,409.0,1.0
12538.0,640.45,29.0,2.0
12539.0,9498.9,22.0,7.0
12540.0,22107.29,20.0,33.0
12541.0,981.18,30.0,3.0
12542.0,423.38,484.0,2.0
12543.0,980.25,448.0,1.0
12544.0,355.7,36.0,1.0
12545.0,1000.39,75.0,2.0
12546.0,1141.5,47.0,2.0
12547.0,383.58,198.0,3.0
12548.0,95.19999999999999,166.0,1.0
12549.0,1575.68,576.0,6.0
12550.0,964.83,79.0,1.0
12551.0,168.0,358.0,1.0
12552.0,437.82,39.0,2.0
12553.0,4548.82,8.0,12.0
12554.0,468.5,449.0,1.0
12555.0,129.23,682.0,1.0
12556.0,599.56,50.0,2.0
12557.0,18096.14,16.0,8.0
12558.0,1.0658141036401503e-14,8.0,1.0
12559.0,536.21,311.0,2.0
12560.0,2101.39,5.0,3.0
12561.0,238.85,303.0,1.0
12562.0,4966.92,8.0,9.0
12563.0,249.24,409.0,1.0
12564.0,456.9,261.0,1.0
12565.0,131.17,289.0,1.0
12566.0,346.7,86.0,1.0
12567.0,11451.44,23.0,15.0
12568.0,70.0,645.0,1.0
12569.0,4064.9900000000002,2.0,32.0
12570.0,77.52,682.0,1.0
12571.0,519.61,40.0,2.0
12572.0,1004.72,9.0,2.0
12573.0,717.41,227.0,5.0
12574.0,218.45,316.0,1.0
12575.0,622.8199999999999,457.0,2.0
12576.0,2083.87,36.0,8.0
12577.0,1554.7,35.0,8.0
12578.0,4572.45,21.0,4.0
12579.0,410.72,78.0,1.0
12580.0,1052.9,247.0,2.0
12581.0,197.71,40.0,1.0
12582.0,1980.4,239.0,4.0
12583.0,13489.039999999999,3.0,27.0
12584.0,1893.95,4.0,9.0
12585.0,1982.81,234.0,2.0
12586.0,2045.67,17.0,4.0
12587.0,144.0,8.0,1.0
12588.0,938.98,39.0,4.0
12589.0,3094.17,29.0,8.0
12590.0,9853.48,211.0,2.0
12591.0,1338.95,317.0,3.0
12592.0,1152.62,92.0,5.0
12593.0,418.09999999999997,109.0,3.0
12594.0,5044.51,38.0,15.0
12595.0,299.02,505.0,1.0
12596.0,618.27,51.0,2.0
12597.0,3683.13,19.0,4.0
12598.0,4414.67,10.0,11.0
12599.0,2296.72,29.0,13.0
12600.0,4879.29,29.0,21.0
12601.0,673.76,190.0,6.0
12602.0,153.12,59.0,1.0
12603.0,739.1999999999999,22.0,1.0
12604.0,254.18,79.0,2.0
12605.0,1225.45,376.0,4.0
12606.0,21.0,682.0,1.0
12607.0,3.552713678800501e-15,60.0,1.0
12608.0,415.79,405.0,1.0
12609.0,3417.86,78.0,9.0
12610.0,2057.99,23.0,5.0
12611.0,1193.32,52.0,1.0
12612.0,643.59,74.0,1.0
12613.0,6573.82,57.0,10.0
12614.0,315.6,278.0,1.0
12615.0,5564.88,2.0,8.0
12616.0,1045.35,95.0,3.0
12617.0,352.98,29.0,1.0
12618.0,177.31,22.0,1.0
12619.0,3354.95,16.0,10.0
12620.0,1339.41,15.0,3.0
12621.0,24114.7,2.0,35.0
12622.0,180.1,232.0,1.0
12623.0,3639.84,276.0,7.0
12624.0,641.13,106.0,2.0
12625.0,5095.38,212.0,4.0
12626.0,6388.35,23.0,9.0
12627.0,4478.53,11.0,7.0
12628.0,769.61,4.0,3.0
12629.0,1558.22,386.0,2.0
12630.0,1270.88,10.0,2.0
12631.0,3452.27,57.0,6.0
12632.0,738.88,521.0,2.0
12633.0,5595.21,59.0,7.0
12634.0,490.0,536.0,2.0
12635.0,2930.41,90.0,4.0
12636.0,141.0,739.0,1.0
12637.0,8215.16,67.0,12.0
12638.0,921.49,33.0,2.0
12639.0,1312.37,239.0,3.0
12640.0,1174.58,24.0,3.0
12641.0,185.9,115.0,1.0
12642.0,1013.26,25.0,3.0
12643.0,7835.3,128.0,12.0
12644.0,1815.54,130.0,4.0
12645.0,3499.1,34.0,8.0
12646.0,1346.97,5.0,2.0
12647.0,16713.99,22.0,36.0
12648.0,1097.0,155.0,4.0
12649.0,2258.5,107.0,8.0
12650.0,314.44,3.0,1.0
12651.0,365.3,335.0,4.0
12652.0,1011.58,331.0,2.0
12653.0,4160.83,149.0,3.0
12654.0,601.98,11.0,5.0
12655.0,261.35,424.0,1.0
12656.0,6320.78,17.0,8.0
12657.0,1152.06,11.0,4.0
12658.0,686.05,19.0,1.0
12659.0,91.68,30.0,1.0
12660.0,245.1,11.0,1.0
12661.0,162.0,436.0,1.0
12662.0,6687.6900000000005,1.0,20.0
12663.0,204.0,625.0,2.0
12664.0,6052.04,8.0,11.0
12665.0,301.45,325.0,3.0
12666.0,1020.98,394.0,1.0
12667.0,620.13,58.0,1.0
12668.0,11319.06,12.0,10.0
12669.0,1607.73,151.0,3.0
12670.0,3750.39,10.0,7.0
12671.0,2622.481,606.0,1.0
12672.0,410.5,330.0,2.0
12673.0,1230.02,5.0,3.0
12674.0,1922.26,39.0,4.0
12675.0,933.55,554.0,2.0
12676.0,2773.09,25.0,11.0
12677.0,389.3,555.0,2.0
12678.0,33851.13,42.0,21.0
12679.0,1058.67,59.0,4.0
12680.0,880.81,1.0,4.0
12681.0,29518.24,15.0,45.0
12682.0,22862.12,4.0,52.0
12683.0,11355.52,4.0,21.0
12684.0,2283.63,8.0,7.0
12685.0,2863.08,28.0,6.0
12686.0,89.14,372.0,1.0
12687.0,2138.91,481.0,2.0
12688.0,4873.8099999999995,114.0,1.0
12689.0,1247.61,26.0,2.0
12690.0,389.01,206.0,1.0
12691.0,1170.4,28.0,7.0
12692.0,110.95,637.0,1.0
12693.0,1640.42,127.0,7.0
12694.0,1839.45,70.0,3.0
12695.0,1407.1200000000001,7.0,7.0
12696.0,801.15,435.0,2.0
12697.0,939.02,29.0,3.0
12698.0,339.75,590.0,1.0
12699.0,638.11,418.0,1.0
12700.0,4867.99,8.0,4.0
12701.0,2446.41,80.0,6.0
12702.0,219.0,20.0,1.0
12703.0,892.18,71.0,4.0
12704.0,2220.84,7.0,8.0
12705.0,11554.0,15.0,14.0
12707.0,603.42,292.0,1.0
12708.0,4921.72,30.0,18.0
12709.0,29511.03,15.0,34.0
12710.0,1130.57,97.0,3.0
12711.0,1339.05,612.0,2.0
12712.0,6521.78,29.0,21.0
12713.0,848.55,1.0,1.0
12714.0,14093.71,9.0,12.0
12715.0,343.36,106.0,1.0
12716.0,1053.49,4.0,2.0
12717.0,1258.91,151.0,3.0
12718.0,238.25,71.0,1.0
12719.0,608.1,5.0,2.0
12720.0,7574.49,3.0,30.0
12721.0,3933.83,32.0,8.0
12722.0,904.33,85.0,4.0
12723.0,725.07,4.0,5.0
12724.0,2317.52,5.0,7.0
12725.0,2266.76,371.0,4.0
12726.0,4014.6,28.0,11.0
12727.0,5646.53,11.0,10.0
12728.0,1070.17,71.0,5.0
12729.0,453.01,114.0,1.0
12730.0,829.25,522.0,1.0
12731.0,25673.21,24.0,17.0
12732.0,236.26000000000002,180.0,1.0
12733.0,2326.82,234.0,4.0
12734.0,639.65,353.0,3.0
12735.0,779.5699999999999,315.0,2.0
12736.0,234.0,333.0,1.0
12737.0,3710.5,499.0,2.0
12738.0,155.35,372.0,1.0
12739.0,2726.73,78.0,4.0
12740.0,427.6,64.0,1.0
12741.0,406.07,529.0,2.0
12742.0,1185.02,626.0,1.0
12743.0,540.13,134.0,2.0
12744.0,13158.16,52.0,11.0
12745.0,925.41,487.0,3.0
12746.0,230.85000000000002,541.0,1.0
12747.0,8786.53,2.0,26.0
12748.0,46933.33,1.0,337.0
12749.0,6328.49,4.0,9.0
12750.0,275.88,129.0,1.0
12751.0,268.27,445.0,1.0
12752.0,4366.78,81.0,1.0
12753.0,21024.01,23.0,6.0
12754.0,2949.12,236.0,3.0
12755.0,2611.95,281.0,11.0
12756.0,112.07999999999998,87.0,1.0
12757.0,4205.25,16.0,13.0
12758.0,9779.0,117.0,7.0
12759.0,5020.74,52.0,8.0
12760.0,347.8,456.0,1.0
12761.0,782.95,458.0,2.0
12762.0,1898.52,8.0,2.0
12763.0,494.08,138.0,2.0
12764.0,1693.88,317.0,1.0
12765.0,1404.58,472.0,6.0
12766.0,8877.14,4.0,9.0
12767.0,949.82,376.0,1.0
12768.0,3.552713678800501e-15,451.0,1.0
12769.0,1143.6,239.0,1.0
12770.0,2975.95,211.0,2.0
12771.0,262.5,486.0,1.0
12772.0,892.47,60.0,1.0
12773.0,1.7763568394002505e-15,564.0,1.0
12774.0,98.7,536.0,1.0
12775.0,1651.32,17.0,7.0
12776.0,55.5,668.0,1.0
12777.0,519.45,458.0,1.0
12778.0,1757.68,20.0,9.0
12779.0,6158.6,38.0,14.0
12780.0,337.4,599.0,1.0
12781.0,707.72,64.0,2.0
12782.0,4526.04,5.0,11.0
12783.0,1603.87,2.0,6.0
12784.0,1763.15,9.0,3.0
12785.0,1079.31,364.0,3.0
12786.0,728.5,610.0,1.0
12787.0,859.18,10.0,4.0
12788.0,444.9,463.0,4.0
12789.0,273.35,65.0,3.0
12790.0,563.45,192.0,2.0
12791.0,585.15,374.0,6.0
12792.0,813.88,257.0,2.0
12793.0,885.53,335.0,3.0
12794.0,860.41,53.0,2.0
12795.0,430.48,19.0,1.0
12796.0,381.0,628.0,1.0
12797.0,471.43,366.0,2.0
12798.0,8510.93,10.0,4.0
12799.0,219.35,529.0,1.0
12800.0,584.25,470.0,3.0
12801.0,1031.87,501.0,1.0
12802.0,2350.42,187.0,7.0
12803.0,1092.81,393.0,1.0
12804.0,325.37,466.0,2.0
12805.0,1434.95,382.0,4.0
12806.0,2878.96,435.0,4.0
12807.0,269.95,383.0,1.0
12808.0,776.7,37.0,5.0
12809.0,1705.34,178.0,3.0
12810.0,534.99,535.0,2.0
12811.0,1033.9,261.0,5.0
12812.0,229.64000000000001,45.0,1.0
12813.0,1687.8,502.0,3.0
12814.0,125.92,102.0,1.0
12815.0,1063.46,148.0,2.0
12816.0,572.2,96.0,2.0
12817.0,690.98,281.0,3.0
12818.0,1517.88,262.0,1.0
12819.0,540.52,458.0,1.0
12820.0,2647.94,3.0,11.0
12821.0,220.8,214.0,2.0
12822.0,918.98,71.0,2.0
12823.0,6501.5,75.0,18.0
12824.0,397.12,60.0,1.0
12825.0,518.63,521.0,2.0
12826.0,2773.69,3.0,12.0
12827.0,430.15000000000003,6.0,3.0
12828.0,1018.71,3.0,6.0
12829.0,345.35,337.0,3.0
12830.0,6748.4,38.0,6.0
12831.0,451.11,262.0,3.0
12832.0,383.03,32.0,2.0
12833.0,417.38,145.0,1.0
12834.0,312.38,283.0,1.0
12835.0,5972.19,428.0,41.0
12836.0,6520.58,59.0,15.0
12837.0,662.66,173.0,2.0
12838.0,2953.46,34.0,10.0
12839.0,9525.22,3.0,26.0
12840.0,4013.87,144.0,7.0
12841.0,6808.0,5.0,40.0
12842.0,1917.99,70.0,4.0
12843.0,6340.56,66.0,30.0
12844.0,648.6,29.0,4.0
12845.0,354.09,267.0,4.0
12846.0,15.58,682.0,1.0
12847.0,1609.0,22.0,2.0
12848.0,208.0,676.0,1.0
12849.0,3042.47,31.0,6.0
12850.0,330.0,446.0,1.0
12851.0,280.76,97.0,2.0
12852.0,299.75,295.0,1.0
12853.0,3728.5,135.0,11.0
12854.0,2899.32,79.0,7.0
12855.0,612.84,373.0,4.0
12856.0,2153.53,8.0,6.0
12857.0,3684.25,211.0,6.0
12858.0,121.08,383.0,1.0
12859.0,575.1,459.0,1.0
12860.0,54.22,693.0,1.0
12861.0,68.25,620.0,1.0
12862.0,984.62,426.0,2.0
12863.0,2775.5499999999997,52.0,6.0
12864.0,299.57,138.0,2.0
12865.0,3303.31,26.0,4.0
12866.0,1227.35,283.0,3.0
12867.0,7778.66,26.0,13.0
12868.0,2043.76,186.0,8.0
12869.0,337.66999999999996,682.0,1.0
12870.0,1662.05,375.0,3.0
12871.0,744.02,84.0,3.0
12872.0,3276.81,327.0,12.0
12873.0,2027.3,282.0,3.0
12874.0,933.42,385.0,2.0
12875.0,1356.99,143.0,5.0
12876.0,4068.59,58.0,4.0
12877.0,2942.14,4.0,20.0
12878.0,841.64,236.0,2.0
12879.0,552.5699999999999,45.0,3.0
12880.0,640.13,382.0,2.0
12881.0,298.0,276.0,1.0
12882.0,1463.04,9.0,2.0
12883.0,703.47,25.0,4.0
12884.0,309.05,88.0,1.0
12885.0,1158.27,63.0,3.0
12886.0,1351.09,68.0,2.0
12887.0,222.4,384.0,1.0
12888.0,313.77,214.0,2.0
12889.0,365.66,381.0,4.0
12890.0,706.02,24.0,2.0
12891.0,819.5,186.0,11.0
12892.0,263.38,397.0,1.0
12893.0,176.55,31.0,1.0
12894.0,157.35,575.0,1.0
12895.0,347.3,42.0,2.0
12897.0,514.25,205.0,4.0
12898.0,296.21000000000004,464.0,2.0
12899.0,366.4,414.0,1.0
12900.0,340.33,422.0,1.0
12901.0,16293.1,9.0,28.0
12902.0,138.68,265.0,1.0
12903.0,833.53,429.0,1.0
12904.0,496.06,18.0,2.0
12905.0,1011.82,577.0,2.0
12906.0,2919.81,12.0,5.0
12907.0,440.36,396.0,2.0
12908.0,1272.0,176.0,5.0
12909.0,3034.77,40.0,8.0
12910.0,5747.02,23.0,13.0
12911.0,1651.72,552.0,1.0
12912.0,1662.3,3.0,5.0
12913.0,6283.24,5.0,13.0
12914.0,223.98,401.0,1.0
12915.0,885.2,149.0,4.0
12916.0,4455.93,139.0,7.0
12917.0,4329.5,128.0,6.0
12918.0,-10953.5,626.0,1.0
12919.0,1301.44,8.0,6.0
12920.0,486.64,17.0,4.0
12921.0,33951.65,9.0,74.0
12922.0,405.38,161.0,1.0
12923.0,770.42,64.0,3.0
12924.0,2423.15,88.0,12.0
12925.0,729.3299999999999,5.0,3.0
12926.0,1523.97,411.0,4.0
12927.0,197.31,395.0,1.0
12928.0,4304.89,35.0,12.0
12929.0,105.1,312.0,1.0
12930.0,409.9,78.0,2.0
12931.0,71299.67,22.0,57.0
12932.0,1698.56,539.0,8.0
12933.0,1576.8799999999999,24.0,8.0
12934.0,181.65,737.0,1.0
12935.0,4182.01,2.0,15.0
12936.0,1012.9,17.0,4.0
12937.0,3097.61,15.0,9.0
12938.0,114.14,26.0,1.0
12939.0,25264.8,64.0,20.0
12940.0,862.44,55.0,2.0
12941.0,377.49,724.0,1.0
12942.0,675.6,131.0,3.0
12943.0,489.0,558.0,2.0
12944.0,604.51,36.0,2.0
12945.0,900.11,288.0,2.0
12946.0,324.45,437.0,1.0
12947.0,1407.29,144.0,6.0
12948.0,2306.18,16.0,9.0
12949.0,15391.0,31.0,22.0
12950.0,1843.0,2.0,3.0
12951.0,3164.42,9.0,15.0
12952.0,1382.8400000000001,6.0,4.0
12953.0,828.8100000000001,10.0,2.0
12954.0,162.45,639.0,1.0
12955.0,4734.26,1.0,11.0
12956.0,521.89,306.0,4.0
12957.0,8628.42,10.0,13.0
12958.0,467.34,400.0,2.0
12959.0,133.35,484.0,1.0
12960.0,1322.07,414.0,4.0
12961.0,211.99,379.0,1.0
12962.0,266.39,7.0,2.0
12963.0,3146.9900000000002,8.0,12.0
12964.0,132.24,437.0,1.0
12965.0,769.8100000000001,89.0,1.0
12966.0,160.18,10.0,1.0
12967.0,2472.37,358.0,3.0
12968.0,135.95,112.0,1.0
12969.0,122.45,603.0,1.0
12970.0,1453.6,7.0,10.0
12971.0,15214.550000000001,4.0,116.0
12972.0,1115.95,414.0,4.0
12973.0,385.55,414.0,1.0
12974.0,408.95,198.0,2.0
12975.0,1993.99,437.0,6.0
12976.0,3156.38,212.0,8.0
12977.0,513.88,156.0,4.0
12978.0,2496.07,385.0,5.0
12979.0,479.53999999999996,729.0,1.0
12980.0,15909.390000000001,158.0,21.0
12981.0,372.21999999999997,30.0,2.0
12982.0,2562.12,243.0,8.0
12983.0,490.08000000000004,598.0,1.0
12984.0,97.5,19.0,1.0
12985.0,1215.6200000000001,1.0,2.0
12986.0,1998.3400000000001,429.0,10.0
12987.0,1298.51,74.0,5.0
12988.0,505.82,292.0,1.0
12989.0,12846.8,3.0,33.0
12990.0,955.5,31.0,7.0
12991.0,764.82,23.0,3.0
12992.0,93.35000000000001,725.0,1.0
12993.0,1191.26,23.0,8.0
12994.0,902.22,4.0,3.0
12995.0,200.72,85.0,1.0
12996.0,355.5,376.0,1.0
12997.0,2065.11,22.0,8.0
12998.0,897.38,493.0,3.0
12999.0,455.88,196.0,3.0
13000.0,965.0,107.0,4.0
13001.0,24006.600000000002,4.0,33.0
13002.0,414.13,318.0,3.0
13003.0,149.05,106.0,3.0
13004.0,11143.99,12.0,36.0
13005.0,935.03,174.0,4.0
13006.0,81.57,56.0,1.0
13007.0,175.25,580.0,1.0
13008.0,543.28,323.0,3.0
13009.0,234.0,673.0,1.0
13010.0,330.12,374.0,2.0
13011.0,50.550000000000004,372.0,1.0
13012.0,2576.1800000000003,9.0,11.0
13013.0,11073.48,1.0,29.0
13014.0,5220.83,11.0,11.0
13015.0,6459.08,53.0,11.0
13016.0,789.89,73.0,3.0
13017.0,204.0,7.0,1.0
13018.0,9742.81,16.0,35.0
13019.0,1212.95,379.0,6.0
13020.0,606.96,563.0,2.0
13021.0,4806.66,4.0,17.0
13022.0,65.3,430.0,1.0
13023.0,1449.03,64.0,3.0
13024.0,535.42,471.0,2.0
13025.0,323.39,732.0,1.0
13026.0,1690.12,1.0,9.0
13027.0,17052.0,114.0,19.0
13028.0,659.68,23.0,2.0
13029.0,1927.3,31.0,5.0
13030.0,752.4399999999999,11.0,2.0
13031.0,3292.84,407.0,5.0
13032.0,2790.0,52.0,9.0
13033.0,220.55,357.0,2.0
13034.0,756.82,55.0,3.0
13035.0,1328.95,74.0,3.0
13036.0,307.1,685.0,1.0
13037.0,3842.55,138.0,12.0
13038.0,908.46,80.0,3.0
13039.0,1010.73,584.0,4.0
13040.0,676.99,9.0,2.0
13041.0,799.13,451.0,4.0
13042.0,1454.84,598.0,3.0
13043.0,471.57,273.0,1.0
13044.0,4818.35,291.0,11.0
13045.0,808.92,99.0,3.0
13046.0,949.25,31.0,3.0
13047.0,8100.09,32.0,24.0
13048.0,4000.08,14.0,9.0
13049.0,1384.14,64.0,4.0
13050.0,11464.43,15.0,35.0
13051.0,155.8,579.0,2.0
13052.0,3119.33,212.0,7.0
13053.0,127.65,622.0,1.0
13055.0,2292.5099999999998,78.0,4.0
13056.0,209.48,551.0,1.0
13057.0,528.24,530.0,3.0
13058.0,271.40000000000003,25.0,3.0
13059.0,2261.2200000000003,250.0,10.0
13060.0,307.53,254.0,1.0
13061.0,248.61,72.0,1.0
13062.0,346.98,191.0,1.0
13063.0,188.4,481.0,1.0
13064.0,1666.8400000000001,13.0,6.0
13065.0,1050.1000000000001,373.0,5.0
13066.0,430.9,24.0,2.0
13067.0,508.51,82.0,3.0
13068.0,344.0,10.0,2.0
13069.0,8348.79,1.0,38.0
13070.0,743.9,192.0,4.0
13071.0,129.22,612.0,1.0
13072.0,177.15,267.0,1.0
13073.0,418.08,411.0,2.0
13074.0,1362.8400000000001,511.0,4.0
13075.0,919.61,130.0,1.0
13076.0,135.4,458.0,1.0
13077.0,2716.15,1.0,11.0
13078.0,28369.440000000002,3.0,57.0
13079.0,419.18,4.0,6.0
13080.0,260.83,179.0,4.0
13081.0,55961.37,12.0,28.0
13082.0,7268.92,126.0,21.0
13083.0,395.43,4.0,3.0
13084.0,116.44999999999999,492.0,1.0
13085.0,1459.46,158.0,8.0
13086.0,439.33000000000004,383.0,1.0
13087.0,313.64,726.0,1.0
13088.0,236.11,417.0,1.0
13089.0,109893.24,3.0,203.0
13090.0,12759.93,9.0,24.0
13091.0,-130.21999999999997,28.0,3.0
13092.0,2007.33,71.0,12.0
13093.0,53274.33,276.0,55.0
13094.0,1990.9800000000002,21.0,13.0
13095.0,74.39999999999999,71.0,1.0
13096.0,419.70000000000005,394.0,1.0
13097.0,12796.61,33.0,28.0
13098.0,28658.88,1.0,28.0
13099.0,207.35999999999999,99.0,1.0
13101.0,695.4,234.0,4.0
13102.0,11123.3,1.0,37.0
13103.0,709.64,40.0,3.0
13104.0,1709.1,3.0,9.0
13105.0,72.0,436.0,1.0
13106.0,586.46,133.0,2.0
13107.0,5109.62,44.0,9.0
13108.0,748.46,373.0,2.0
13109.0,1107.58,60.0,3.0
13110.0,2896.17,31.0,12.0
13111.0,321.88000000000005,719.0,1.0
13112.0,-5.44,541.0,1.0
13113.0,16236.44,1.0,37.0
13114.0,234.38,731.0,1.0
13115.0,5379.45,12.0,10.0
13116.0,485.19,138.0,1.0
13117.0,2253.96,22.0,18.0
13118.0,2334.1,20.0,9.0
13119.0,134.9,669.0,1.0
13120.0,30.599999999999998,239.0,1.0
13121.0,254.73,269.0,1.0
13122.0,922.39,94.0,2.0
13123.0,506.75,473.0,2.0
13124.0,4641.66,90.0,4.0
13125.0,148.62,524.0,1.0
13126.0,3679.03,5.0,13.0
13127.0,259.17,78.0,1.0
13128.0,263.5,631.0,1.0
13129.0,233.25,452.0,2.0
13130.0,64.0,94.0,1.0
13131.0,3279.77,23.0,7.0
13132.0,77.3,262.0,1.0
13133.0,200.45000000000002,274.0,3.0
13134.0,2422.28,86.0,6.0
13135.0,3371.45,197.0,2.0
13136.0,6097.900000000001,56.0,13.0
13137.0,7541.61,11.0,16.0
13138.0,1261.26,22.0,7.0
13139.0,8193.83,16.0,8.0
13140.0,1054.92,108.0,5.0
13141.0,7524.13,85.0,17.0
13142.0,307.09,19.0,1.0
13143.0,399.2,585.0,1.0
13144.0,135.35,333.0,2.0
13145.0,1124.77,40.0,7.0
13146.0,228.91,26.0,1.0
13147.0,712.8000000000001,10.0,4.0
13148.0,7999.610000000001,29.0,26.0
13149.0,1676.06,14.0,4.0
13150.0,435.02,484.0,3.0
13151.0,2396.16,296.0,3.0
13152.0,2114.98,417.0,7.0
13153.0,486.22,6.0,1.0
13154.0,997.4300000000001,399.0,3.0
13155.0,1370.48,33.0,6.0
13156.0,1586.54,385.0,3.0
13157.0,5667.71,49.0,9.0
13158.0,1508.18,95.0,5.0
13159.0,1371.25,9.0,4.0
13160.0,91.8,22.0,1.0
13161.0,472.13,313.0,2.0
13162.0,9116.94,122.0,16.0
13163.0,0.0,610.0,1.0
13164.0,297.46000000000004,569.0,2.0
13165.0,1451.16,46.0,3.0
13166.0,873.43,283.0,2.0
13167.0,1125.15,19.0,5.0
13168.0,1831.68,36.0,5.0
13169.0,840.08,64.0,3.0
13170.0,108.81,27.0,1.0
13171.0,426.81,22.0,3.0
13172.0,69.6,400.0,1.0
13173.0,2380.9700000000003,4.0,11.0
13174.0,7995.36,16.0,12.0
13175.0,793.1,582.0,2.0
13176.0,481.49,46.0,1.0
13177.0,512.2,65.0,2.0
13178.0,13997.89,26.0,21.0
13179.0,572.3100000000001,619.0,1.0
13180.0,86.10000000000001,607.0,1.0
13181.0,359.69,381.0,1.0
13182.0,121.18,45.0,1.0
13183.0,7010.88,8.0,15.0
13184.0,1616.45,15.0,10.0
13185.0,71.4,268.0,1.0
13186.0,1539.69,40.0,3.0
13187.0,322.65999999999997,337.0,4.0
13188.0,114.60000000000001,11.0,1.0
13189.0,260.68,19.0,2.0
13190.0,518.76,544.0,3.0
13191.0,164.69,658.0,1.0
13192.0,2544.53,95.0,6.0
13193.0,112.08,61.0,1.0
13194.0,472.78,136.0,2.0
13195.0,136.73,414.0,1.0
13196.0,3059.64,11.0,7.0
13197.0,373.01000000000005,610.0,1.0
13198.0,4912.28,10.0,8.0
13199.0,15936.3,4.0,67.0
13200.0,870.09,19.0,4.0
13201.0,1233.06,502.0,4.0
13202.0,1571.35,394.0,7.0
13203.0,2630.55,10.0,10.0
13204.0,966.6600000000001,731.0,1.0
13205.0,2803.2,443.0,1.0
13206.0,8211.0,400.0,13.0
13207.0,535.86,15.0,4.0
13208.0,1958.3,59.0,9.0
13209.0,8438.06,30.0,13.0
13210.0,353.48,94.0,1.0
13211.0,2596.32,10.0,10.0
13212.0,779.33,20.0,3.0
13213.0,3834.62,57.0,11.0
13214.0,3264.23,418.0,7.0
13215.0,81.6,402.0,1.0
13216.0,333.74,268.0,1.0
13217.0,266.12,122.0,4.0
13218.0,62.63999999999999,127.0,1.0
13219.0,76.23,618.0,1.0
13220.0,1336.0900000000001,78.0,5.0
13221.0,847.41,240.0,2.0
13222.0,88.5,577.0,1.0
13223.0,969.1200000000001,200.0,6.0
13224.0,2150.85,60.0,2.0
13225.0,15879.27,3.0,16.0
13226.0,312.46,273.0,2.0
13227.0,257.7,202.0,1.0
13228.0,358.0,81.0,1.0
13229.0,160.95,226.0,1.0
13230.0,6076.45,4.0,30.0
13232.0,1328.35,13.0,7.0
13233.0,1176.46,74.0,4.0
13234.0,346.5,673.0,2.0
13235.0,101.17000000000007,212.0,1.0
13236.0,727.27,25.0,2.0
13237.0,643.0,388.0,1.0
13238.0,986.73,17.0,6.0
13239.0,1579.84,262.0,5.0
13240.0,1398.44,96.0,8.0
13241.0,112.53,412.0,1.0
13242.0,699.4,112.0,7.0
13243.0,1220.38,203.0,5.0
13244.0,121.74000000000001,93.0,1.0
13245.0,989.22,51.0,2.0
13246.0,3242.0,18.0,11.0
13247.0,501.12,18.0,4.0
13248.0,465.68,125.0,2.0
13249.0,1608.93,92.0,9.0
13250.0,245.59,461.0,2.0
13251.0,252.68,402.0,1.0
13252.0,341.3,394.0,2.0
13253.0,2951.11,157.0,4.0
13254.0,51.410000000000004,376.0,1.0
13255.0,669.91,9.0,3.0
13256.0,0.0,14.0,1.0
13257.0,117.95,436.0,1.0
13258.0,1009.43,12.0,5.0
13259.0,1402.54,62.0,9.0
13260.0,557.62,61.0,1.0
13261.0,944.1,269.0,2.0
13262.0,573.45,263.0,3.0
13263.0,8676.2,1.0,39.0
13264.0,722.5600000000001,443.0,1.0
13265.0,2092.66,53.0,5.0
13266.0,5965.3,11.0,19.0
13267.0,9197.66,3.0,36.0
13268.0,3127.7,18.0,11.0
13269.0,8507.01,1.0,28.0
13270.0,590.0,366.0,1.0
13271.0,172.37,37.0,1.0
13272.0,276.56,31.0,2.0
13273.0,138.98,113.0,1.0
13274.0,360.85,409.0,1.0
13275.0,238.86,384.0,2.0
13276.0,1871.21,64.0,5.0
13277.0,523.3,16.0,7.0
13278.0,1428.2,41.0,4.0
13279.0,126.30000000000001,78.0,1.0
13280.0,2267.83,122.0,7.0
13281.0,306.45,439.0,1.0
13282.0,1228.89,18.0,4.0
13283.0,373.36,60.0,4.0
13284.0,196.15,331.0,1.0
13285.0,3364.59,23.0,6.0
13286.0,734.91,600.0,1.0
13287.0,519.67,603.0,3.0
13288.0,892.16,443.0,5.0
13289.0,307.95,724.0,1.0
13290.0,-208.63,438.0,1.0
13291.0,3270.79,156.0,11.0
13292.0,987.79,39.0,5.0
13293.0,1180.34,392.0,6.0
13294.0,1689.53,190.0,3.0
13295.0,1061.27,360.0,4.0
13296.0,792.51,137.0,6.0
13297.0,4352.67,8.0,7.0
13298.0,360.0,1.0,1.0
13299.0,1173.3,268.0,3.0
13300.0,1267.21,169.0,3.0
13301.0,618.09,104.0,4.0
13302.0,159.2,155.0,2.0
13303.0,61.72,400.0,1.0
13304.0,1120.79,351.0,4.0
13305.0,3616.41,4.0,16.0
13306.0,53.65,430.0,1.0
13307.0,273.34,120.0,3.0
13308.0,1652.47,23.0,4.0
13309.0,1706.3700000000001,7.0,6.0
13310.0,1492.8,28.0,5.0
13311.0,598.57,4.0,2.0
13312.0,124.75,451.0,1.0
13313.0,3423.27,22.0,12.0
13314.0,593.51,2.0,3.0
13315.0,310.26,689.0,1.0
13316.0,12656.18,37.0,10.0
13317.0,6068.531,66.0,19.0
13318.0,640.76,1.0,3.0
13319.0,20974.96,5.0,58.0
13320.0,2144.45,78.0,6.0
13321.0,567.36,72.0,2.0
13322.0,199.48000000000002,17.0,1.0
13323.0,787.85,3.0,5.0
13324.0,10421.369999999999,36.0,18.0
13325.0,675.3,82.0,1.0
13326.0,281.76,432.0,1.0
13327.0,8996.03,39.0,20.0
13328.0,1308.48,316.0,1.0
13329.0,4672.82,32.0,8.0
13330.0,2796.1,93.0,6.0
13331.0,262.4,402.0,1.0
13332.0,350.9,14.0,1.0
13333.0,1015.74,411.0,3.0
13334.0,6195.05,82.0,5.0
13336.0,795.12,77.0,1.0
13337.0,1548.55,546.0,1.0
13338.0,2223.62,158.0,4.0
13339.0,860.12,201.0,1.0
13340.0,22100.56,45.0,12.0
13341.0,775.85,261.0,1.0
13343.0,303.93,178.0,1.0
13344.0,2511.69,68.0,3.0
13345.0,377.6,288.0,1.0
13346.0,299.4,463.0,6.0
13347.0,341.36,70.0,1.0
13348.0,233.76,64.0,1.0
13349.0,247.32,11.0,1.0
13350.0,910.72,16.0,2.0
13351.0,373.94,66.0,1.0
13352.0,389.28,60.0,1.0
13354.0,743.53,71.0,1.0
13355.0,674.7,122.0,1.0
13356.0,768.24,80.0,1.0
13357.0,3805.5099999999998,257.0,5.0
13358.0,439.03,269.0,1.0
13359.0,1001.96,64.0,2.0
13360.0,1464.1,432.0,4.0
13361.0,1450.5,472.0,2.0
13362.0,5357.57,9.0,7.0
13363.0,1723.86,18.0,3.0
13364.0,0.0,71.0,1.0
13365.0,2164.32,34.0,2.0
13366.0,56.160000000000004,50.0,1.0
13367.0,510.20000000000005,432.0,1.0
13368.0,1086.1,257.0,4.0
13369.0,263.75,366.0,1.0
13370.0,721.32,372.0,1.0
13371.0,2271.46,505.0,2.0
13372.0,378.64,90.0,1.0
13373.0,7587.1900000000005,61.0,6.0
13374.0,422.8,415.0,2.0
13375.0,1786.48,89.0,2.0
13376.0,1019.76,99.0,3.0
13377.0,1495.43,397.0,2.0
13379.0,572.56,26.0,3.0
13380.0,62.4,433.0,1.0
13381.0,8185.02,32.0,12.0
13382.0,1387.58,281.0,5.0
13383.0,305.28000000000003,544.0,1.0
13384.0,6635.09,31.0,11.0
13385.0,534.57,330.0,1.0
13386.0,835.46,414.0,2.0
13387.0,186.94,417.0,1.0
13388.0,1135.7,131.0,3.0
13389.0,797.96,11.0,3.0
13390.0,544.08,75.0,1.0
13391.0,59.8,204.0,1.0
13392.0,91.14,677.0,1.0
13393.0,1105.85,584.0,4.0
13394.0,6323.88,2.0,19.0
13395.0,1180.23,185.0,3.0
13396.0,1325.29,29.0,2.0
13397.0,3094.11,73.0,10.0
13398.0,670.34,192.0,2.0
13399.0,275.4,464.0,3.0
13400.0,300.93,583.0,1.0
13402.0,1226.8500000000001,127.0,4.0
13403.0,229.5,18.0,3.0
13404.0,252.49,1.0,2.0
13405.0,1196.561,74.0,6.0
13406.0,557.22,427.0,2.0
13407.0,2111.89,579.0,3.0
13408.0,49315.022,2.0,106.0
13410.0,2172.51,24.0,9.0
13411.0,213.55,107.0,1.0
13412.0,487.34999999999997,620.0,1.0
13413.0,345.8,640.0,6.0
13414.0,2482.24,134.0,6.0
13415.0,665.42,473.0,4.0
13416.0,940.8000000000001,44.0,3.0
13417.0,1593.89,5.0,6.0
13418.0,11242.22,12.0,31.0
13419.0,221.06,64.0,1.0
13420.0,140.35,150.0,2.0
13421.0,4044.45,40.0,8.0
13422.0,2601.55,64.0,1.0
13423.0,217.03,429.0,1.0
13424.0,557.92,450.0,1.0
13425.0,3362.73,108.0,5.0
13426.0,8076.76,1.0,22.0
13427.0,1006.53,19.0,6.0
13428.0,478.54,10.0,3.0
13429.0,1006.8,11.0,4.0
13430.0,648.6899999999999,19.0,2.0
13431.0,3289.24,67.0,8.0
13432.0,439.1,571.0,2.0
13433.0,656.87,501.0,4.0
13434.0,1666.8600000000001,74.0,5.0
13435.0,4431.93,5.0,9.0
13436.0,196.89,2.0,1.0
13437.0,3408.06,14.0,7.0
13438.0,46.5,547.0,1.0
13439.0,986.61,255.0,3.0
13440.0,1213.95,423.0,7.0
13441.0,720.9,92.0,2.0
13442.0,419.87,667.0,3.0
13443.0,1240.71,449.0,6.0
13444.0,619.08,374.0,2.0
13445.0,241.89999999999998,626.0,1.0
13446.0,3608.86,430.0,11.0
13447.0,1104.23,23.0,3.0
13448.0,7952.81,17.0,13.0
13449.0,291.88,24.0,1.0
13450.0,4117.54,27.0,13.0
13451.0,7019.11,26.0,11.0
13452.0,729.8,259.0,3.0
13453.0,758.99,166.0,3.0
13454.0,219.87,641.0,1.0
13455.0,2080.88,25.0,6.0
13456.0,1737.8200000000002,18.0,6.0
13457.0,143.27,689.0,2.0
13458.0,11850.62,7.0,16.0
13459.0,1160.4099999999999,625.0,2.0
13460.0,183.44,29.0,2.0
13461.0,4138.5,39.0,6.0
13462.0,1145.6,253.0,5.0
13464.0,3083.89,58.0,6.0
13465.0,931.12,446.0,2.0
13466.0,952.25,184.0,5.0
13467.0,1071.91,11.0,2.0
13468.0,12494.38,2.0,72.0
13469.0,82.4,653.0,1.0
13470.0,165.0,99.0,2.0
13471.0,2501.84,1.0,4.0
13472.0,592.24,464.0,2.0
13473.0,2410.98,61.0,8.0
13474.0,646.59,236.0,3.0
13475.0,1431.78,191.0,4.0
13476.0,1915.77,179.0,5.0
13477.0,2806.12,38.0,11.0
13478.0,2068.03,469.0,5.0
13479.0,808.5,201.0,4.0
13480.0,627.82,417.0,2.0
13481.0,3803.09,46.0,11.0
13482.0,336.09,232.0,2.0
13483.0,140.34,66.0,1.0
13484.0,767.32,241.0,3.0
13485.0,2957.92,233.0,11.0
13486.0,1122.41,78.0,3.0
13487.0,846.87,58.0,5.0
13488.0,14131.81,17.0,23.0
13489.0,449.52,105.0,4.0
13490.0,154.25,654.0,1.0
13491.0,4467.66,52.0,27.0
13492.0,1269.84,136.0,3.0
13493.0,618.63,275.0,2.0
13494.0,316.26000000000005,312.0,1.0
13495.0,4790.41,8.0,10.0
13496.0,617.93,11.0,2.0
13497.0,1139.83,283.0,6.0
13498.0,327.38,730.0,1.0
13499.0,1146.96,18.0,5.0
13500.0,1436.3,23.0,4.0
13501.0,2840.26,288.0,3.0
13502.0,774.6,17.0,5.0
13503.0,1747.39,71.0,6.0
13504.0,295.93,64.0,1.0
13505.0,4282.88,73.0,4.0
13506.0,1308.53,316.0,5.0
13507.0,2479.16,3.0,4.0
13508.0,287.05,244.0,2.0
13509.0,1114.72,9.0,8.0
13510.0,4488.39,1.0,11.0
13511.0,244.61,677.0,1.0
13512.0,713.39,261.0,4.0
13513.0,796.99,127.0,3.0
13514.0,815.9000000000001,74.0,4.0
13515.0,1265.82,73.0,6.0
13516.0,1685.26,21.0,4.0
13517.0,2109.07,60.0,3.0
13518.0,627.16,86.0,1.0
13519.0,331.26,78.0,2.0
13520.0,6377.25,59.0,11.0
13521.0,1071.73,1.0,3.0
13522.0,125.80000000000001,30.0,1.0
13523.0,4325.07,33.0,6.0
13524.0,680.1800000000001,41.0,5.0
13525.0,628.78,15.0,2.0
13526.0,942.5999999999999,738.0,2.0
13527.0,4507.59,34.0,12.0
13529.0,307.76,79.0,2.0
13530.0,402.97999999999996,634.0,1.0
13531.0,1433.07,205.0,6.0
13532.0,210.31,34.0,1.0
13533.0,269.09,183.0,3.0
13534.0,7324.5,2.0,35.0
13535.0,89.5,403.0,1.0
13536.0,3444.39,1.0,7.0
13537.0,717.85,426.0,2.0
13538.0,3103.13,43.0,12.0
13539.0,1531.26,86.0,7.0
13540.0,632.39,467.0,3.0
13541.0,717.9,427.0,2.0
13542.0,3924.09,377.0,17.0
13543.0,1439.6100000000001,634.0,2.0
13544.0,781.7,40.0,6.0
13545.0,337.64,391.0,2.0
13546.0,1086.24,12.0,5.0
13547.0,167.08,408.0,1.0
13548.0,901.44,96.0,3.0
13549.0,1003.72,26.0,8.0
13550.0,342.55,383.0,1.0
13551.0,244.2,319.0,2.0
13552.0,6588.63,66.0,22.0
13553.0,499.6,675.0,1.0
13554.0,1547.46,380.0,7.0
13555.0,8798.99,74.0,13.0
13556.0,200.82,429.0,2.0
13557.0,2980.08,28.0,13.0
13558.0,594.52,6.0,4.0
13559.0,990.0,513.0,2.0
13560.0,171.42000000000002,7.0,1.0
13561.0,1803.4,216.0,11.0
13562.0,4838.18,82.0,8.0
13563.0,777.53,84.0,2.0
13564.0,15036.14,144.0,37.0
13565.0,414.8,19.0,3.0
13566.0,1688.6,41.0,5.0
13567.0,1074.19,428.0,4.0
13568.0,187.05,173.0,1.0
13569.0,726.54,17.0,4.0
13570.0,239.49,243.0,1.0
13571.0,4537.26,13.0,26.0
13572.0,1384.25,206.0,1.0
13573.0,904.52,50.0,6.0
13574.0,404.45,411.0,1.0
13575.0,732.0699999999999,23.0,5.0
13576.0,11167.0,10.0,28.0
13577.0,3346.62,25.0,11.0
13578.0,147.66,409.0,1.0
13579.0,1371.14,15.0,5.0
13580.0,107.75,406.0,1.0
13581.0,280.53000000000003,309.0,2.0
13582.0,241.68,390.0,2.0
13583.0,1445.031,156.0,2.0
13584.0,340.4,307.0,3.0
13585.0,674.46,531.0,3.0
13586.0,127.28,541.0,1.0
13587.0,1308.1,64.0,4.0
13588.0,2445.12,16.0,9.0
13589.0,1120.74,15.0,6.0
13590.0,6284.74,11.0,18.0
13591.0,2081.19,65.0,7.0
13592.0,247.95999999999998,36.0,4.0
13593.0,5444.81,108.0,14.0
13594.0,508.42,53.0,2.0
13595.0,784.48,517.0,3.0
13596.0,664.11,6.0,2.0
13597.0,372.21,400.0,2.0
13598.0,749.21,47.0,5.0
13599.0,9433.75,1.0,33.0
13600.0,518.42,312.0,2.0
13601.0,1159.99,45.0,4.0
13602.0,1025.17,65.0,4.0
13603.0,164.34,26.0,1.0
13604.0,713.39,659.0,1.0
13605.0,522.67,387.0,2.0
13606.0,276.75,29.0,3.0
13607.0,1058.1100000000001,40.0,2.0
13608.0,232.05,541.0,1.0
13609.0,167.35,593.0,1.0
13610.0,2071.96,12.0,14.0
13611.0,3259.4300000000003,89.0,10.0
13612.0,777.79,633.0,1.0
13613.0,1039.8500000000001,453.0,5.0
13614.0,2332.74,24.0,6.0
13615.0,6212.2300000000005,319.0,8.0
13616.0,283.85,568.0,2.0
13617.0,1263.8,40.0,8.0
13618.0,177.34,174.0,1.0
13619.0,224.94,545.0,2.0
13620.0,112.34,528.0,1.0
13621.0,213.85,117.0,1.0
13622.0,651.45,696.0,1.0
13623.0,2412.93,31.0,10.0
13624.0,427.18,388.0,1.0
13625.0,301.26,597.0,1.0
13626.0,689.49,253.0,2.0
13627.0,2217.55,59.0,7.0
13628.0,310.14,676.0,1.0
13629.0,13370.86,23.0,19.0
13630.0,1995.68,5.0,7.0
13631.0,3021.77,100.0,11.0
13632.0,3632.36,25.0,8.0
13634.0,4479.85,33.0,16.0
13635.0,2948.22,68.0,4.0
13636.0,941.62,37.0,5.0
13637.0,804.3,52.0,3.0
13638.0,122.64,16.0,1.0
13639.0,1346.27,74.0,2.0
13640.0,405.0,611.0,1.0
13641.0,921.82,641.0,5.0
13642.0,459.45,216.0,4.0
13643.0,2112.17,31.0,10.0
13644.0,2597.52,16.0,4.0
13645.0,252.1,120.0,1.0
13646.0,323.3,400.0,2.0
13647.0,3033.78,10.0,8.0
13648.0,1679.01,400.0,8.0
13649.0,1453.68,257.0,6.0
13650.0,3098.5,17.0,10.0
13651.0,208.95,35.0,3.0
13652.0,2262.05,46.0,5.0
13653.0,152.2,488.0,1.0
13654.0,6308.0,43.0,11.0
13655.0,2259.3,114.0,6.0
13656.0,1053.35,165.0,4.0
13657.0,382.14,11.0,2.0
13658.0,5772.07,10.0,9.0
13659.0,4706.43,206.0,12.0
13660.0,295.74,400.0,1.0
13661.0,325.24,603.0,1.0
13662.0,2166.63,86.0,11.0
13663.0,2013.6100000000001,179.0,5.0
13665.0,1711.6599999999999,386.0,3.0
13666.0,127.89999999999999,60.0,5.0
13667.0,299.05,149.0,1.0
13668.0,12607.68,3.0,35.0
13669.0,413.55,51.0,3.0
13670.0,349.7,75.0,1.0
13671.0,172.6,395.0,1.0
13672.0,162.07000000000002,301.0,3.0
13673.0,387.44,19.0,2.0
13674.0,215.88,433.0,1.0
13675.0,486.82000000000005,151.0,2.0
13676.0,153.15,539.0,2.0
13677.0,551.24,405.0,2.0
13678.0,232.6,152.0,1.0
13679.0,281.26,494.0,3.0
13680.0,9899.56,1.0,12.0
13681.0,827.83,18.0,4.0
13682.0,59.5,187.0,1.0
13683.0,258.6,458.0,1.0
13684.0,544.42,286.0,4.0
13685.0,3119.44,3.0,7.0
13686.0,409.04,183.0,3.0
13687.0,11880.84,438.0,1.0
13688.0,375.5,635.0,1.0
13689.0,1259.5,63.0,2.0
13690.0,172.25,59.0,1.0
13691.0,212.78,396.0,1.0
13692.0,3016.4500000000003,25.0,5.0
13693.0,1948.32,374.0,9.0
13694.0,190020.84,4.0,143.0
13695.0,2770.73,31.0,16.0
13696.0,2008.7,422.0,3.0
13697.0,151.29999999999998,39.0,1.0
13698.0,451.73,597.0,2.0
13699.0,711.4,155.0,2.0
13700.0,2569.7200000000003,26.0,13.0
13701.0,159.55,447.0,1.0
13702.0,135.18,446.0,1.0
13703.0,99.5,318.0,2.0
13704.0,2295.31,5.0,9.0
13705.0,1717.19,8.0,7.0
13706.0,631.17,303.0,2.0
13707.0,3365.86,267.0,5.0
13708.0,285.33,271.0,1.0
13709.0,7492.41,4.0,18.0
13710.0,509.52,32.0,3.0
13711.0,1632.6100000000001,219.0,9.0
13712.0,766.42,247.0,2.0
13713.0,740.76,408.0,3.0
13714.0,161.35,465.0,1.0
13715.0,8108.09,281.0,17.0
13716.0,138.28,269.0,1.0
13717.0,1748.05,32.0,8.0
13718.0,306.55,246.0,2.0
13719.0,2783.08,15.0,11.0
13720.0,799.9,117.0,4.0
13721.0,741.54,36.0,2.0
13722.0,5629.16,132.0,10.0
13723.0,1194.08,217.0,6.0
13724.0,213.01,637.0,1.0
13725.0,1809.81,50.0,8.0
13726.0,1079.6599999999999,39.0,2.0
13727.0,1061.4,29.0,8.0
13728.0,2855.17,37.0,16.0
13729.0,676.4300000000001,436.0,3.0
13730.0,752.6,136.0,2.0
13731.0,610.59,219.0,2.0
13732.0,491.86,28.0,1.0
13733.0,484.53000000000003,411.0,2.0
13734.0,3445.34,509.0,4.0
13735.0,9422.36,25.0,13.0
13736.0,2701.27,5.0,7.0
13737.0,339.59999999999997,200.0,1.0
13738.0,434.78000000000003,396.0,1.0
13739.0,292.2,18.0,2.0
13740.0,1582.77,241.0,5.0
13741.0,666.33,72.0,3.0
13742.0,3079.27,17.0,12.0
13743.0,1340.1499999999999,3.0,7.0
13744.0,1080.52,95.0,2.0
13745.0,761.27,162.0,2.0
13746.0,176.69,414.0,1.0
13747.0,169.79999999999998,374.0,2.0
13748.0,2064.35,96.0,9.0
13750.0,3563.6,54.0,11.0
13751.0,296.25,288.0,1.0
13752.0,1579.8300000000002,124.0,7.0
13753.0,2094.57,288.0,4.0
13754.0,447.05,152.0,3.0
13755.0,2101.39,4.0,9.0
13756.0,8595.65,2.0,23.0
13757.0,195.55,675.0,1.0
13758.0,8544.29,12.0,15.0
13759.0,659.4100000000001,33.0,2.0
13760.0,1358.6399999999999,54.0,5.0
13761.0,1952.17,50.0,6.0
13762.0,2165.76,219.0,5.0
13763.0,5181.99,63.0,3.0
13764.0,2919.62,71.0,6.0
13765.0,352.821,653.0,1.0
13766.0,190.35,495.0,1.0
13767.0,33480.82,2.0,73.0
13768.0,758.07,727.0,2.0
13769.0,5444.33,2.0,20.0
13770.0,785.37,422.0,4.0
13771.0,5726.07,64.0,9.0
13772.0,3080.52,34.0,8.0
13773.0,301.54,397.0,2.0
13774.0,345.0,82.0,1.0
13775.0,1049.66,591.0,1.0
13776.0,-340.17,428.0,2.0
13777.0,49218.41,1.0,61.0
13778.0,1116.54,103.0,4.0
13779.0,161.13,516.0,1.0
13780.0,732.07,7.0,3.0
13781.0,770.88,251.0,3.0
13782.0,1778.1299999999999,13.0,13.0
13783.0,1542.09,488.0,4.0
13784.0,2897.18,10.0,14.0
13785.0,542.49,429.0,4.0
13786.0,2505.46,367.0,6.0
13787.0,1173.7,76.0,6.0
13788.0,3.75,505.0,1.0
13789.0,239.45999999999998,388.0,1.0
13790.0,348.8,4.0,1.0
13791.0,1047.68,128.0,2.0
13792.0,383.95,66.0,3.0
13793.0,96.0,647.0,1.0
13794.0,126.03,547.0,1.0
13795.0,836.3,388.0,4.0
13796.0,289.7,499.0,1.0
13797.0,1168.45,437.0,3.0
13798.0,73166.92,1.0,110.0
13799.0,2039.82,117.0,9.0
13800.0,1679.56,310.0,3.0
13801.0,324.8,67.0,1.0
13802.0,25491.56,139.0,19.0
13803.0,1319.1100000000001,255.0,3.0
13804.0,3161.12,31.0,9.0
13805.0,924.6,52.0,2.0
13806.0,256.38,64.0,1.0
13807.0,397.3,367.0,3.0
13808.0,1747.66,6.0,5.0
13809.0,679.7,305.0,3.0
13810.0,899.51,29.0,3.0
13811.0,591.75,184.0,3.0
13812.0,539.0,42.0,3.0
13813.0,2686.42,40.0,8.0
13814.0,2239.07,92.0,3.0
13815.0,7285.79,22.0,8.0
13816.0,555.04,24.0,2.0
13817.0,382.98,29.0,2.0
13818.0,61.28,430.0,1.0
13819.0,2631.1,302.0,6.0
13820.0,632.5,418.0,3.0
13821.0,1355.38,145.0,6.0
13822.0,632.0,6.0,2.0
13823.0,3358.55,19.0,7.0
13824.0,3273.36,33.0,12.0
13825.0,255.59,622.0,2.0
13826.0,174.65,176.0,1.0
13827.0,409.8,58.0,3.0
13828.0,209.49,22.0,1.0
13829.0,0.0,421.0,1.0
13830.0,135.95000000000002,582.0,1.0
13831.0,6571.139999999999,16.0,18.0
13832.0,598.64,19.0,2.0
13833.0,700.41,159.0,2.0
13834.0,247.89,577.0,2.0
13835.0,1044.82,25.0,7.0
13836.0,602.52,399.0,2.0
13837.0,266.59000000000003,212.0,2.0
13838.0,1690.07,6.0,10.0
13839.0,139.95000000000002,486.0,1.0
13840.0,651.4,416.0,1.0
13841.0,85.0,253.0,1.0
13842.0,5294.39,59.0,18.0
13843.0,319.75,381.0,1.0
13844.0,361.62,11.0,1.0
13845.0,312.98,65.0,1.0
13846.0,1290.34,25.0,4.0
13847.0,310.72,720.0,1.0
13848.0,3015.0,92.0,8.0
13849.0,3443.8,52.0,5.0
13850.0,1586.81,129.0,1.0
13851.0,4516.76,96.0,8.0
13852.0,170.45000000000002,611.0,1.0
13853.0,1056.94,57.0,1.0
13854.0,11848.81,9.0,39.0
13855.0,1253.94,501.0,4.0
13856.0,1058.88,169.0,11.0
13857.0,997.11,393.0,6.0
13858.0,216.17,57.0,1.0
13859.0,515.86,326.0,2.0
13860.0,1240.0,1.0,5.0
13861.0,251.31,429.0,2.0
13862.0,2534.04,18.0,9.0
13863.0,1217.63,248.0,4.0
13864.0,662.4000000000001,387.0,1.0
13865.0,501.56,58.0,4.0
13866.0,145.67000000000002,74.0,1.0
13867.0,1005.09,31.0,3.0
13868.0,3192.54,7.0,2.0
13869.0,7996.87,123.0,10.0
13870.0,5689.84,2.0,15.0
13871.0,7804.95,23.0,17.0
13872.0,891.32,527.0,3.0
13873.0,1031.02,120.0,8.0
13874.0,1989.2,358.0,7.0
13875.0,4814.37,54.0,14.0
13876.0,122.7,64.0,1.0
13877.0,446.33,86.0,3.0
13878.0,2416.9,55.0,4.0
13879.0,395.5,646.0,1.0
13880.0,4293.86,21.0,17.0
13881.0,44392.5,4.0,43.0
13882.0,1131.28,3.0,5.0
13883.0,6342.74,11.0,15.0
13884.0,1788.93,7.0,10.0
13885.0,506.8,189.0,2.0
13886.0,243.56,71.0,1.0
13887.0,349.55,204.0,1.0
13888.0,2001.59,120.0,7.0
13889.0,1855.73,93.0,6.0
13890.0,2858.73,1.0,14.0
13891.0,859.21,378.0,3.0
13892.0,1267.6499999999999,27.0,6.0
13893.0,821.1,298.0,1.0
13894.0,535.97,24.0,3.0
13895.0,3923.62,28.0,6.0
13896.0,388.55,626.0,1.0
13897.0,1160.72,50.0,3.0
13898.0,686.4,326.0,2.0
13899.0,388.52,16.0,2.0
13900.0,1608.09,183.0,6.0
13901.0,5599.34,72.0,15.0
13902.0,30411.26,632.0,5.0
13903.0,165.45000000000002,400.0,1.0
13904.0,332.64,37.0,2.0
13905.0,244.45,733.0,1.0
13906.0,42.0,409.0,1.0
13907.0,136.8,692.0,1.0
13908.0,2347.05,80.0,4.0
13909.0,282.85,423.0,2.0
13911.0,4200.04,57.0,20.0
13912.0,124.95,424.0,1.0
13913.0,42.22,507.0,1.0
13914.0,613.95,12.0,2.0
13915.0,31.200000000000003,394.0,1.0
13916.0,1260.51,464.0,4.0
13917.0,272.04,50.0,2.0
13918.0,1212.8400000000001,50.0,2.0
13919.0,1326.03,59.0,4.0
13920.0,1734.88,432.0,4.0
13921.0,720.75,402.0,4.0
13922.0,824.7,352.0,3.0
13923.0,351.13,54.0,1.0
13924.0,1682.08,2.0,6.0
13925.0,616.65,93.0,4.0
13926.0,223.85000000000002,23.0,1.0
13927.0,689.96,75.0,2.0
13928.0,464.57,11.0,4.0
13929.0,3318.1,169.0,11.0
13930.0,337.34,58.0,2.0
13931.0,5250.78,96.0,11.0
13932.0,307.4,295.0,1.0
13933.0,608.7900000000001,109.0,2.0
13934.0,922.1,264.0,1.0
13935.0,6116.92,597.0,3.0
13936.0,924.36,180.0,3.0
13937.0,867.38,169.0,2.0
13938.0,71.66,35.0,1.0
13939.0,1533.66,23.0,7.0
13940.0,839.14,17.0,4.0
13941.0,9826.630000000001,22.0,15.0
13942.0,320.0,535.0,1.0
13943.0,246.54,578.0,1.0
13944.0,200.43,653.0,1.0
13945.0,854.15,395.0,2.0
13946.0,1745.43,79.0,6.0
13947.0,90.6,65.0,1.0
13948.0,536.86,361.0,4.0
13949.0,2427.32,3.0,6.0
13950.0,728.56,11.0,4.0
13951.0,674.45,176.0,3.0
13952.0,12790.891,218.0,14.0
13953.0,6640.68,7.0,12.0
13954.0,378.59,2.0,2.0
13955.0,544.0699999999999,154.0,3.0
13956.0,1019.27,5.0,5.0
13957.0,458.25,418.0,3.0
13958.0,4504.78,380.0,8.0
13959.0,1064.77,79.0,6.0
13960.0,230.22,21.0,2.0
13961.0,498.7,392.0,1.0
13962.0,362.8,22.0,3.0
13963.0,2748.32,308.0,17.0
13964.0,421.9,387.0,2.0
13965.0,777.6600000000001,477.0,3.0
13966.0,384.26,435.0,1.0
13967.0,166.3,146.0,2.0
13968.0,123.66,423.0,1.0
13969.0,12820.36,7.0,35.0
13970.0,846.55,386.0,2.0
13971.0,4593.83,19.0,14.0
13972.0,190.25,71.0,2.0
13973.0,264.7,287.0,1.0
13974.0,663.52,49.0,2.0
13975.0,5224.85,31.0,12.0
13976.0,1192.36,207.0,4.0
13977.0,519.8100000000001,411.0,1.0
13978.0,196.79000000000002,15.0,2.0
13979.0,3290.53,73.0,7.0
13980.0,722.02,60.0,5.0
13981.0,327.39,416.0,1.0
13982.0,3927.49,39.0,9.0
13983.0,6638.85,30.0,21.0
13984.0,1461.32,27.0,12.0
13985.0,9982.31,4.0,22.0
13986.0,320.46,17.0,1.0
13987.0,682.54,380.0,2.0
13988.0,4708.64,20.0,8.0
13989.0,2026.06,66.0,5.0
13990.0,311.3,213.0,1.0
13991.0,847.54,12.0,6.0
13992.0,219.5,30.0,3.0
13993.0,6690.36,43.0,19.0
13994.0,2274.14,4.0,6.0
13995.0,3836.26,15.0,14.0
13996.0,895.76,386.0,2.0
13997.0,376.46,519.0,3.0
13998.0,566.7,447.0,3.0
13999.0,9438.01,10.0,29.0
14000.0,1877.5900000000001,211.0,5.0
14001.0,4216.1,46.0,9.0
14002.0,529.73,134.0,2.0
14003.0,209.41,733.0,1.0
14004.0,6258.45,43.0,11.0
14005.0,2874.72,10.0,5.0
14006.0,2196.67,116.0,7.0
14007.0,79.48,513.0,1.0
14008.0,493.74,432.0,1.0
14009.0,1090.23,198.0,3.0
14010.0,288.09999999999997,565.0,2.0
14011.0,451.91999999999996,480.0,2.0
14012.0,328.8,278.0,1.0
14013.0,1006.22,110.0,5.0
14014.0,1948.21,77.0,3.0
14015.0,917.34,53.0,1.0
14016.0,11379.71,162.0,11.0
14017.0,229.75,571.0,1.0
14018.0,367.15000000000003,645.0,1.0
14019.0,1398.96,47.0,3.0
14020.0,1213.26,17.0,4.0
14021.0,1716.58,155.0,7.0
14022.0,792.15,225.0,2.0
14023.0,584.07,7.0,2.0
14024.0,645.74,122.0,3.0
14025.0,3969.1,465.0,8.0
14026.0,713.11,471.0,2.0
14027.0,104.82,61.0,1.0
14028.0,3175.5,550.0,3.0
14029.0,467.66,63.0,2.0
14030.0,7405.1,18.0,20.0
14031.0,36048.26,7.0,44.0
14032.0,4482.21,2.0,16.0
14033.0,109.44,555.0,1.0
14034.0,509.09,22.0,3.0
14035.0,2790.5,29.0,9.0
14036.0,626.65,285.0,1.0
14037.0,755.95,176.0,6.0
14038.0,3000.93,78.0,5.0
14039.0,267.28000000000003,33.0,2.0
14040.0,12336.08,41.0,35.0
14041.0,141.41,266.0,1.0
14042.0,431.98,725.0,1.0
14043.0,299.65,491.0,2.0
14044.0,3060.75,27.0,10.0
14045.0,9334.23,109.0,16.0
14046.0,154.99,284.0,1.0
14047.0,3881.11,9.0,14.0
14048.0,713.89,305.0,3.0
14049.0,12848.4,17.0,13.0
14050.0,746.36,32.0,2.0
14051.0,21441.48,1.0,37.0
14052.0,466.66,20.0,2.0
14053.0,572.3,124.0,4.0
14054.0,92.46,65.0,1.0
14055.0,1520.96,106.0,3.0
14056.0,8062.46,1.0,23.0
14057.0,8276.1,24.0,22.0
14058.0,469.19,463.0,2.0
14059.0,183.6,267.0,1.0
14060.0,8882.3,5.0,30.0
14061.0,917.4300000000001,507.0,3.0
14062.0,25416.28,10.0,24.0
14063.0,-3767.1999999999994,438.0,9.0
14064.0,2967.57,29.0,15.0
14065.0,889.37,389.0,3.0
14066.0,152.55,267.0,1.0
14067.0,374.7,64.0,2.0
14068.0,1493.32,320.0,4.0
14069.0,225.81,515.0,2.0
14070.0,321.6,685.0,1.0
14071.0,1306.16,4.0,8.0
14072.0,390.85,667.0,1.0
14073.0,139.54,32.0,1.0
14074.0,219.39999999999998,623.0,1.0
14075.0,1734.87,5.0,6.0
14076.0,118.67,129.0,1.0
14077.0,615.0799999999999,41.0,6.0
14078.0,1553.47,102.0,9.0
14079.0,618.73,125.0,2.0
14080.0,1075.73,33.0,5.0
14081.0,4747.52,302.0,10.0
14082.0,413.36,365.0,2.0
14083.0,1082.19,4.0,11.0
14084.0,150.5,512.0,1.0
14085.0,9707.92,2.0,33.0
14086.0,39.95,463.0,1.0
14087.0,786.72,3.0,3.0
14088.0,62400.02,10.0,16.0
14089.0,158.75,57.0,1.0
14090.0,76.32000000000001,325.0,1.0
14091.0,9530.08,654.0,2.0
14092.0,7215.64,8.0,24.0
14093.0,433.86,12.0,1.0
14094.0,310.82,440.0,1.0
14095.0,2.95,723.0,1.0
14096.0,57120.909999999996,4.0,17.0
14097.0,422.85999999999996,481.0,2.0
14098.0,147.35,37.0,1.0
14099.0,5685.71,16.0,20.0
14100.0,191.95000000000002,138.0,1.0
14101.0,9942.13,74.0,13.0
14102.0,1060.33,5.0,5.0
14103.0,0.0,665.0,1.0
14104.0,743.53,155.0,5.0
14105.0,5703.9800000000005,239.0,5.0
14106.0,214.79999999999998,737.0,1.0
14107.0,4853.7,52.0,11.0
14108.0,1041.21,31.0,4.0
14109.0,80.2,73.0,1.0
14110.0,12957.6,4.0,33.0
14111.0,688.6,14.0,4.0
14112.0,5524.51,23.0,13.0
14113.0,6156.75,4.0,16.0
14114.0,1364.09,274.0,7.0
14115.0,622.6700000000001,502.0,2.0
14116.0,1382.74,20.0,5.0
14117.0,90.0,144.0,1.0
14118.0,458.45,429.0,1.0
14119.0,163.47,376.0,2.0
14121.0,2740.3,4.0,4.0
14122.0,309.77,406.0,3.0
14123.0,436.18,733.0,1.0
14124.0,419.58000000000004,84.0,1.0
14125.0,2720.63,11.0,3.0
14126.0,1109.96,8.0,4.0
14127.0,1900.0800000000002,123.0,6.0
14128.0,909.36,61.0,3.0
14129.0,2591.34,2.0,9.0
14130.0,1858.77,319.0,4.0
14131.0,168.22,649.0,1.0
14132.0,3580.13,2.0,11.0
14133.0,895.8399999999999,130.0,4.0
14134.0,11123.35,383.0,15.0
14135.0,8800.8,2.0,24.0
14136.0,1553.96,401.0,5.0
14137.0,294.1,696.0,1.0
14138.0,965.8800000000001,2.0,2.0
14139.0,1086.8,46.0,4.0
14140.0,920.05,4.0,2.0
14141.0,879.0300000000001,3.0,4.0
14142.0,655.94,373.0,2.0
14143.0,115.8,134.0,1.0
14144.0,30.599999999999998,486.0,1.0
14145.0,7006.05,47.0,7.0
14146.0,8208.87,9.0,12.0
14147.0,2019.3,78.0,9.0
14148.0,466.29,234.0,2.0
14149.0,259.43,221.0,1.0
14150.0,658.64,36.0,2.0
14151.0,666.7,673.0,2.0
14152.0,1975.44,75.0,7.0
14153.0,233.4,483.0,1.0
14154.0,6263.6,239.0,8.0
14155.0,118.75,266.0,1.0
14156.0,296063.44,10.0,156.0
14157.0,946.24,20.0,5.0
14158.0,507.66,40.0,1.0
14159.0,7494.67,20.0,20.0
14160.0,8421.47,610.0,7.0
14161.0,2996.93,216.0,7.0
14162.0,289.36,174.0,2.0
14163.0,2594.62,87.0,5.0
14164.0,1631.77,71.0,2.0
14165.0,120.44,276.0,1.0
14166.0,251.15,505.0,2.0
14167.0,1274.29,39.0,8.0
14168.0,305.9,421.0,2.0
14169.0,621.51,431.0,2.0
14170.0,570.18,375.0,3.0
14171.0,498.79,98.0,2.0
14172.0,356.27,605.0,3.0
14173.0,566.95,11.0,6.0
14174.0,134.46,33.0,1.0
14175.0,7350.44,60.0,8.0
14176.0,753.5600000000001,297.0,5.0
14177.0,2204.74,86.0,13.0
14178.0,1600.26,9.0,7.0
14179.0,701.57,41.0,2.0
14180.0,5909.0,11.0,33.0
14181.0,308.35,411.0,2.0
14182.0,660.07,444.0,4.0
14183.0,278.34000000000003,411.0,2.0
14184.0,452.89,67.0,1.0
14185.0,197.65,331.0,1.0
14186.0,1550.63,427.0,5.0
14187.0,123.5,474.0,1.0
14188.0,2018.91,31.0,6.0
14189.0,5453.38,2.0,16.0
14190.0,79.9,666.0,1.0
14191.0,4713.41,2.0,15.0
14192.0,293.74,388.0,1.0
14193.0,1210.19,68.0,3.0
14194.0,18442.87,5.0,36.0
14195.0,2381.24,202.0,6.0
14196.0,335.52,107.0,1.0
14197.0,390.05,411.0,1.0
14198.0,1527.58,18.0,9.0
14199.0,916.4999999999999,218.0,4.0
14200.0,379.2,617.0,1.0
14201.0,1134.14,60.0,10.0
14202.0,847.76,381.0,3.0
14203.0,339.34,397.0,1.0
14204.0,1024.83,2.0,4.0
14205.0,2146.58,17.0,9.0
14206.0,1145.21,239.0,3.0
14207.0,157.8,688.0,1.0
14208.0,567.05,95.0,2.0
14209.0,4937.37,11.0,15.0
14210.0,5509.37,106.0,16.0
14211.0,4301.69,53.0,18.0
14212.0,2190.14,90.0,2.0
14213.0,-1.4210854715202004e-14,405.0,1.0
14214.0,1000.23,31.0,5.0
14215.0,3238.53,12.0,9.0
14216.0,2142.39,3.0,5.0
14217.0,3105.52,2.0,23.0
14218.0,169.48000000000002,43.0,1.0
14219.0,633.83,4.0,3.0
14220.0,1515.0,247.0,4.0
14221.0,6506.59,42.0,17.0
14222.0,683.17,177.0,1.0
14223.0,975.23,92.0,3.0
14224.0,1841.71,110.0,9.0
14225.0,2009.17,435.0,4.0
14226.0,2950.38,29.0,6.0
14227.0,6327.31,26.0,15.0
14228.0,745.5,438.0,3.0
14229.0,2468.99,52.0,7.0
14230.0,979.8000000000001,436.0,3.0
14231.0,1131.97,184.0,4.0
14232.0,2043.93,43.0,5.0
14233.0,2766.96,49.0,7.0
14234.0,754.12,22.0,4.0
14235.0,4666.99,75.0,9.0
14236.0,1543.44,81.0,5.0
14237.0,466.04,373.0,2.0
14238.0,434.23,326.0,3.0
14239.0,4203.72,43.0,21.0
14240.0,1247.49,30.0,3.0
14241.0,333.70000000000005,184.0,2.0
14242.0,280.55,235.0,2.0
14243.0,7152.06,9.0,17.0
14244.0,354.82,661.0,1.0
14245.0,1677.48,220.0,2.0
14246.0,1474.06,111.0,3.0
14247.0,750.61,278.0,5.0
14248.0,1032.95,318.0,3.0
14249.0,5400.461,411.0,12.0
14250.0,1904.05,7.0,3.0
14251.0,2879.7000000000003,2.0,5.0
14252.0,350.99,381.0,1.0
14253.0,363.40000000000003,493.0,2.0
14254.0,601.03,433.0,1.0
14255.0,-1441.6,546.0,1.0
14256.0,2384.14,260.0,5.0
14257.0,5942.0,64.0,9.0
14258.0,31027.35,9.0,25.0
14259.0,120.0,142.0,1.0
14260.0,824.28,471.0,3.0
14261.0,1163.45,51.0,2.0
14262.0,2618.23,8.0,8.0
14263.0,322.93,423.0,1.0
14264.0,1475.8600000000001,155.0,6.0
14265.0,1373.35,109.0,4.0
14266.0,40.56,428.0,1.0
14267.0,1259.19,163.0,3.0
14268.0,354.85,471.0,1.0
14269.0,261.68,439.0,1.0
14270.0,492.65000000000003,332.0,1.0
14271.0,214.18,226.0,2.0
14272.0,920.81,74.0,4.0
14273.0,559.97,51.0,4.0
14274.0,256.6,686.0,1.0
14275.0,1189.3799999999999,396.0,6.0
14276.0,1929.32,99.0,7.0
14277.0,4296.2699999999995,15.0,9.0
14278.0,205.83,410.0,1.0
14279.0,191.86,521.0,2.0
14280.0,134.04,197.0,1.0
14281.0,245.15,408.0,1.0
14282.0,7245.76,3.0,25.0
14283.0,628.4399999999999,463.0,4.0
14284.0,1282.85,31.0,3.0
14285.0,3158.64,21.0,8.0
14286.0,8396.7,24.0,7.0
14287.0,151.23000000000002,8.0,3.0
14288.0,413.85,213.0,1.0
14289.0,911.26,9.0,6.0
14290.0,4208.93,11.0,8.0
14291.0,7844.4,2.0,23.0
14292.0,8887.9,8.0,16.0
14293.0,2809.41,3.0,9.0
14294.0,375.34,407.0,1.0
14295.0,2316.06,40.0,5.0
14296.0,448.45,421.0,2.0
14297.0,1284.06,18.0,4.0
14298.0,90489.31,8.0,82.0
14299.0,12607.53,8.0,27.0
14300.0,43.2,19.0,1.0
14301.0,1956.23,117.0,4.0
14302.0,742.9000000000001,431.0,3.0
14303.0,277.94,407.0,2.0
14304.0,1523.81,223.0,3.0
14305.0,1803.76,71.0,3.0
14306.0,3141.5,51.0,6.0
14307.0,4279.97,89.0,10.0
14308.0,-849.45,549.0,2.0
14309.0,3747.96,8.0,11.0
14310.0,492.1,433.0,1.0
14311.0,435.90000000000003,243.0,2.0
14312.0,3090.29,47.0,11.0
14314.0,221.9,107.0,2.0
14315.0,3168.72,45.0,8.0
14316.0,1355.34,422.0,5.0
14317.0,508.58000000000004,65.0,1.0
14318.0,158.02,460.0,1.0
14319.0,476.95000000000005,424.0,1.0
14320.0,1204.1200000000001,207.0,5.0
14321.0,2198.58,11.0,7.0
14322.0,384.3,429.0,4.0
14323.0,574.26,115.0,2.0
14324.0,701.61,410.0,2.0
14325.0,245.48000000000002,570.0,1.0
14326.0,923.98,242.0,3.0
14327.0,1894.93,163.0,6.0
14328.0,-445.06,438.0,1.0
14329.0,9695.92,17.0,15.0
14330.0,200.63,624.0,1.0
14331.0,462.65999999999997,124.0,2.0
14332.0,1917.41,23.0,5.0
14333.0,351.45,68.0,1.0
14334.0,4292.98,17.0,12.0
14335.0,454.86,16.0,2.0
14336.0,1614.91,17.0,4.0
14338.0,894.1,161.0,3.0
14339.0,600.66,243.0,2.0
14340.0,134.7,219.0,1.0
14341.0,4428.17,45.0,18.0
14342.0,842.74,21.0,6.0
14343.0,1079.66,421.0,4.0
14344.0,2993.05,127.0,20.0
14345.0,108.97999999999999,39.0,1.0
14346.0,2315.75,121.0,5.0
14347.0,82.6,737.0,1.0
14348.0,409.57,260.0,1.0
14349.0,133.5,10.0,1.0
14350.0,947.8,274.0,3.0
14351.0,51.0,165.0,1.0
14352.0,1078.96,157.0,4.0
14353.0,376.5,215.0,3.0
14354.0,163.62,6.0,2.0
14355.0,840.0500000000001,366.0,3.0
14356.0,666.9399999999999,80.0,2.0
14357.0,225.12,43.0,1.0
14358.0,384.29999999999995,389.0,2.0
14359.0,882.58,19.0,3.0
14360.0,2118.03,32.0,4.0
14361.0,214.70999999999998,579.0,1.0
14362.0,151.5,22.0,1.0
14363.0,227.47000000000003,402.0,2.0
14364.0,3717.35,109.0,8.0
14365.0,634.68,395.0,2.0
14366.0,136.0,525.0,1.0
14367.0,9134.12,8.0,16.0
14368.0,155.0,320.0,1.0
14369.0,469.13,642.0,2.0
14370.0,1092.13,451.0,6.0
14371.0,100.5,295.0,1.0
14372.0,830.1800000000001,443.0,2.0
14373.0,76.55,358.0,1.0
14374.0,108.0,541.0,1.0
14375.0,1106.82,185.0,3.0
14376.0,215.46,683.0,1.0
14377.0,617.05,191.0,2.0
14378.0,131.25,622.0,1.0
14379.0,1265.16,44.0,4.0
14380.0,-99.72999999999999,682.0,1.0
14381.0,625.9399999999999,52.0,2.0
14382.0,1187.68,26.0,2.0
14383.0,1247.69,38.0,3.0
14384.0,58.5,501.0,1.0
14385.0,202.11,9.0,3.0
14386.0,142.4,297.0,1.0
14387.0,1727.6,33.0,3.0
14388.0,6289.95,10.0,16.0
14389.0,1821.07,65.0,5.0
14390.0,6079.4800000000005,10.0,13.0
14391.0,135.6,577.0,1.0
14392.0,266.4,432.0,1.0
14393.0,67.95,218.0,1.0
14394.0,93.8,565.0,1.0
14395.0,7754.7300000000005,2.0,20.0
14396.0,1969.38,65.0,7.0
14397.0,2556.68,3.0,19.0
14398.0,707.79,401.0,2.0
14399.0,2093.21,394.0,8.0
14400.0,1703.0,149.0,3.0
14401.0,6703.4,4.0,22.0
14402.0,285.6,652.0,1.0
14403.0,1822.76,130.0,6.0
14404.0,2625.13,34.0,13.0
14405.0,195.0,387.0,1.0
14406.0,156.75,119.0,1.0
14407.0,2111.08,107.0,6.0
14408.0,4102.27,11.0,11.0
14409.0,3276.09,71.0,9.0
14410.0,2105.08,92.0,11.0
14411.0,1063.0,311.0,1.0
14412.0,1417.49,43.0,3.0
14413.0,764.52,362.0,4.0
14414.0,2387.48,92.0,8.0
14415.0,11803.62,1.0,23.0
14416.0,490.22,22.0,2.0
14417.0,524.65,388.0,1.0
14418.0,1937.25,4.0,3.0
14419.0,1254.64,11.0,7.0
14420.0,1627.72,99.0,4.0
14421.0,2456.62,57.0,6.0
14422.0,10200.92,1.0,19.0
14423.0,914.9599999999999,218.0,3.0
14424.0,322.08,18.0,1.0
14425.0,635.89,435.0,3.0
14426.0,11103.97,24.0,17.0
14427.0,1263.52,50.0,4.0
14428.0,1209.3700000000001,7.0,5.0
14429.0,516.28,404.0,1.0
14430.0,956.4000000000001,512.0,3.0
14431.0,2567.1,303.0,4.0
14432.0,2248.5,10.0,6.0
14433.0,280.7,466.0,1.0
14434.0,1372.8,22.0,6.0
14435.0,90.42,502.0,1.0
14436.0,271.70000000000005,99.0,2.0
14437.0,744.44,366.0,5.0
14438.0,131.9,306.0,1.0
14439.0,9443.04,320.0,5.0
14440.0,5870.13,8.0,13.0
14441.0,4370.09,1.0,11.0
14442.0,5272.02,205.0,7.0
14443.0,2063.65,54.0,5.0
14444.0,120.44,456.0,1.0
14445.0,221.65,456.0,1.0
14446.0,1200.28,1.0,5.0
14447.0,1711.73,19.0,6.0
14448.0,375.35,9.0,2.0
14449.0,2230.96,19.0,8.0
14450.0,1128.44,181.0,7.0
14451.0,3215.5,60.0,12.0
14452.0,658.95,11.0,4.0
14453.0,119.93,190.0,1.0
14454.0,970.7,376.0,5.0
14455.0,584.37,432.0,4.0
14456.0,3002.5099999999998,5.0,9.0
14457.0,113.64,311.0,1.0
14458.0,228.07,381.0,1.0
14459.0,5339.1410000000005,155.0,2.0
14460.0,919.6,110.0,9.0
14461.0,6661.01,148.0,13.0
14462.0,2204.69,66.0,12.0
14463.0,786.5699999999999,98.0,4.0
14464.0,111.0,568.0,2.0
14465.0,3925.85,247.0,11.0
14466.0,4267.15,29.0,13.0
14467.0,2203.2400000000002,18.0,12.0
14468.0,204.24,734.0,1.0
14469.0,2093.46,416.0,4.0
14470.0,712.04,12.0,3.0
14471.0,400.95,591.0,2.0
14472.0,2118.72,104.0,9.0
14473.0,234.34000000000003,74.0,2.0
14474.0,1248.94,46.0,2.0
14475.0,1025.1200000000001,72.0,4.0
14476.0,193.0,257.0,1.0
14477.0,1960.61,20.0,7.0
14478.0,1276.66,382.0,4.0
14479.0,1124.71,254.0,4.0
14480.0,1295.27,11.0,4.0
14481.0,1908.52,165.0,5.0
14482.0,4141.06,18.0,12.0
14483.0,249.2,282.0,2.0
14484.0,1070.98,50.0,4.0
14485.0,162.8,39.0,1.0
14486.0,175.5,512.0,2.0
14487.0,1253.52,27.0,7.0
14488.0,1047.43,68.0,1.0
14489.0,1574.93,207.0,4.0
14490.0,1273.47,406.0,2.0
14491.0,340.93,175.0,2.0
14492.0,1574.3600000000001,430.0,7.0
14493.0,4993.76,7.0,10.0
14494.0,401.46,26.0,3.0
14495.0,166.3,51.0,3.0
14496.0,2341.54,312.0,7.0
14497.0,679.16,309.0,2.0
14498.0,3900.83,43.0,10.0
14499.0,2083.44,26.0,7.0
14500.0,356.85,88.0,3.0
14501.0,190.31,184.0,2.0
14502.0,2310.18,20.0,11.0
14503.0,3543.26,3.0,6.0
14504.0,673.26,47.0,4.0
14505.0,11596.04,17.0,19.0
14506.0,2960.25,17.0,7.0
14507.0,3104.8,24.0,11.0
14508.0,804.07,22.0,5.0
14509.0,110.95,534.0,1.0
14510.0,964.55,376.0,3.0
14511.0,1267.4099999999999,11.0,5.0
14512.0,1215.97,188.0,7.0
14513.0,770.9100000000001,101.0,6.0
14514.0,4375.79,61.0,9.0
14515.0,3693.7,18.0,12.0
14516.0,151.17,516.0,1.0
14517.0,330.45,33.0,2.0
14518.0,174.37,64.0,1.0
14519.0,203.14,684.0,2.0
14520.0,270.6,2.0,2.0
14521.0,167.65,491.0,1.0
14522.0,1748.42,24.0,8.0
14523.0,241.09,108.0,1.0
14524.0,2909.86,32.0,13.0
14525.0,7915.71,20.0,17.0
14526.0,258.65,389.0,1.0
14527.0,25285.91,3.0,122.0
14528.0,364.21999999999997,37.0,1.0
14529.0,578.61,60.0,3.0
14530.0,5968.62,26.0,16.0
14531.0,376.34,480.0,1.0
14532.0,3833.03,236.0,11.0
14533.0,3185.12,25.0,11.0
14534.0,5702.97,3.0,26.0
14535.0,5815.13,60.0,9.0
14536.0,170.95,260.0,1.0
14537.0,635.45,58.0,2.0
14538.0,1370.8400000000001,65.0,5.0
14539.0,537.48,16.0,2.0
14540.0,3699.7400000000002,10.0,11.0
14541.0,2491.38,59.0,14.0
14542.0,103.25,186.0,1.0
14543.0,11905.710000000001,29.0,39.0
14544.0,2938.53,24.0,3.0
14545.0,349.25,674.0,1.0
14546.0,4987.97,5.0,11.0
14547.0,3953.9500000000003,4.0,8.0
14548.0,2541.29,151.0,9.0
14549.0,913.6,311.0,4.0
14550.0,1345.06,11.0,4.0
14551.0,856.64,18.0,7.0
14552.0,507.93,152.0,3.0
14553.0,1793.1,19.0,9.0
14554.0,2279.4900000000002,10.0,4.0
14555.0,2294.88,57.0,6.0
14556.0,815.69,596.0,3.0
14557.0,0.0,85.0,1.0
14558.0,614.1,654.0,3.0
14559.0,75.6,390.0,1.0
14560.0,6050.44,7.0,44.0
14561.0,1080.76,76.0,3.0
14562.0,6308.0,4.0,26.0
14563.0,640.54,510.0,2.0
14564.0,2519.32,435.0,2.0
14565.0,3833.87,96.0,5.0
14566.0,4092.0,111.0,4.0
14567.0,1524.46,57.0,2.0
14568.0,909.5,435.0,1.0
14569.0,597.3299999999999,1.0,4.0
14570.0,613.75,281.0,3.0
14571.0,160.0,425.0,1.0
14572.0,5484.9800000000005,3.0,11.0
14573.0,2113.42,180.0,13.0
14574.0,143.70000000000002,733.0,1.0
14575.0,420.22,488.0,1.0
14576.0,35.400000000000006,372.0,1.0
14577.0,1364.15,13.0,7.0
14578.0,168.63,3.0,1.0
14579.0,105.56,432.0,1.0
14580.0,14.850000000000001,518.0,1.0
14581.0,409.65,17.0,2.0
14582.0,114.11,41.0,1.0
14583.0,1660.29,6.0,8.0
14584.0,1725.16,169.0,8.0
14585.0,1143.27,50.0,5.0
14586.0,134.16,277.0,1.0
14587.0,1577.39,19.0,9.0
14588.0,135.39,578.0,1.0
14589.0,39.75,372.0,1.0
14590.0,2871.04,425.0,20.0
14591.0,1320.21,15.0,4.0
14592.0,557.94,35.0,3.0
14593.0,3568.69,22.0,12.0
14594.0,363.33,7.0,2.0
14595.0,2164.45,20.0,8.0
14596.0,222.22000000000003,627.0,1.0
14597.0,2184.63,11.0,6.0
14598.0,221.97,44.0,2.0
14599.0,457.89,390.0,2.0
14600.0,865.1700000000001,306.0,2.0
14601.0,213.96,11.0,1.0
14602.0,205.35999999999999,656.0,1.0
14603.0,660.0,275.0,1.0
14604.0,143.85999999999999,633.0,1.0
14605.0,921.5600000000001,374.0,4.0
14606.0,29197.59,1.0,192.0
14607.0,18371.06,16.0,22.0
14608.0,3273.44,4.0,11.0
14609.0,1366.2,72.0,10.0
14610.0,24.35,396.0,2.0
14611.0,599.38,444.0,2.0
14612.0,877.7,415.0,1.0
14613.0,76.32000000000001,680.0,1.0
14614.0,295.13,386.0,1.0
14615.0,934.26,394.0,5.0
14616.0,527.78,243.0,5.0
14617.0,190.47000000000003,403.0,2.0
14618.0,1310.52,9.0,7.0
14619.0,1276.31,246.0,2.0
14620.0,393.28000000000003,206.0,2.0
14621.0,2878.27,1.0,9.0
14622.0,320.58000000000004,185.0,1.0
14623.0,1988.23,32.0,10.0
14624.0,814.07,57.0,6.0
14625.0,4429.18,196.0,11.0
14626.0,5374.77,24.0,11.0
14627.0,406.40000000000003,379.0,1.0
14628.0,1998.0,91.0,5.0
14629.0,935.46,4.0,2.0
14630.0,338.65,484.0,1.0
14631.0,2023.17,51.0,6.0
14632.0,114.56,263.0,1.0
14633.0,344.90000000000003,266.0,1.0
14634.0,1971.82,438.0,4.0
14635.0,215.22,454.0,1.0
14636.0,609.85,36.0,2.0
14637.0,106.67999999999999,677.0,1.0
14638.0,443.6,51.0,1.0
14639.0,4946.81,52.0,9.0
14640.0,3446.33,24.0,10.0
14641.0,110.46,22.0,1.0
14642.0,96.12,59.0,1.0
14643.0,1654.69,170.0,5.0
14644.0,2077.47,68.0,7.0
14645.0,840.24,157.0,3.0
14646.0,523342.07,2.0,152.0
14647.0,506.04,201.0,2.0
14648.0,4378.0,416.0,15.0
14649.0,3630.04,5.0,9.0
14650.0,62.5,589.0,1.0
14651.0,2025.52,67.0,9.0
14652.0,114.18,77.0,1.0
14653.0,3593.06,1.0,12.0
14654.0,246.86,738.0,1.0
14655.0,3829.23,8.0,7.0
14656.0,790.0,169.0,5.0
14657.0,1440.24,18.0,6.0
14658.0,247.15,5.0,2.0
14659.0,2456.53,9.0,9.0
14660.0,285.74,87.0,2.0
14661.0,107.95,27.0,1.0
14662.0,1376.43,29.0,7.0
14663.0,490.6,430.0,2.0
14664.0,636.24,20.0,2.0
14665.0,2172.33,61.0,7.0
14666.0,195.25,24.0,1.0
14667.0,20188.79,11.0,54.0
14668.0,111.63,445.0,1.0
14669.0,3216.78,242.0,7.0
14670.0,583.33,280.0,3.0
14671.0,1127.45,549.0,2.0
14672.0,1113.14,235.0,4.0
14673.0,3037.32,3.0,7.0
14674.0,173.66,509.0,1.0
14675.0,1015.58,16.0,2.0
14676.0,8285.49,31.0,12.0
14677.0,184.91,593.0,1.0
14678.0,386.44,579.0,1.0
14679.0,1272.95,382.0,3.0
14680.0,53080.02,25.0,58.0
14681.0,875.1500000000001,71.0,6.0
14682.0,1514.81,188.0,6.0
14683.0,146.56,588.0,1.0
14684.0,1430.03,26.0,6.0
14685.0,4241.16,576.0,8.0
14686.0,844.58,414.0,5.0
14687.0,1402.06,107.0,3.0
14688.0,6666.93,8.0,28.0
14689.0,112.8,209.0,1.0
14690.0,764.59,44.0,4.0
14691.0,2114.33,31.0,5.0
14692.0,1705.6399999999999,137.0,12.0
14693.0,1139.86,265.0,7.0
14694.0,244.31,617.0,1.0
14695.0,1466.72,519.0,3.0
14696.0,2465.3,4.0,8.0
14697.0,188.60999999999999,218.0,2.0
14698.0,1217.27,2.0,5.0
14699.0,702.6,214.0,4.0
14700.0,3076.06,32.0,5.0
14701.0,4423.96,11.0,15.0
14702.0,6310.28,1.0,29.0
14703.0,318.17,15.0,1.0
14704.0,1752.92,11.0,11.0
14705.0,179.0,199.0,1.0
14706.0,367.54,619.0,1.0
14707.0,139.2,436.0,2.0
14708.0,1763.52,3.0,5.0
14709.0,8866.48,15.0,25.0
14710.0,1899.79,14.0,13.0
14711.0,2809.02,10.0,11.0
14712.0,1328.0700000000002,29.0,4.0
14713.0,5069.36,9.0,21.0
14714.0,896.4,24.0,4.0
14715.0,1825.45,25.0,8.0
14716.0,543.28,43.0,3.0
14717.0,72.8,733.0,1.0
14718.0,226.42,410.0,1.0
14719.0,1571.89,2.0,5.0
14720.0,663.81,6.0,3.0
14721.0,109.07,379.0,1.0
14722.0,489.52,147.0,3.0
14723.0,1803.06,10.0,11.0
14724.0,341.9,590.0,1.0
14725.0,1202.34,25.0,4.0
14726.0,116.5,655.0,1.0
14727.0,291.13,274.0,3.0
14728.0,190.58,413.0,1.0
14729.0,586.24,374.0,3.0
14730.0,1897.57,1.0,8.0
14731.0,380.02,47.0,3.0
14732.0,5447.52,8.0,19.0
14733.0,14200.78,16.0,15.0
14734.0,1045.47,426.0,4.0
14735.0,11909.710000000001,4.0,56.0
14736.0,374.05,485.0,2.0
14737.0,3554.17,4.0,4.0
14738.0,1763.64,43.0,9.0
14739.0,11555.69,4.0,25.0
14740.0,4068.86,197.0,11.0
14741.0,1713.09,12.0,7.0
14742.0,579.85,435.0,1.0
14743.0,50.48,593.0,1.0
14744.0,3596.02,16.0,14.0
14745.0,2471.06,113.0,12.0
14746.0,593.5,406.0,4.0
14747.0,294.3,249.0,1.0
14748.0,2201.83,29.0,10.0
14749.0,310.15,480.0,1.0
14750.0,112.03,736.0,1.0
14751.0,126.45,684.0,2.0
14752.0,389.64,44.0,1.0
14753.0,869.51,87.0,2.0
14754.0,1543.73,45.0,6.0
14755.0,9851.45,10.0,25.0
14756.0,2613.46,15.0,3.0
14757.0,420.5,75.0,1.0
14758.0,2864.97,145.0,7.0
14759.0,1625.97,5.0,3.0
14760.0,53.8,297.0,1.0
14761.0,447.92,59.0,3.0
14762.0,417.57,264.0,2.0
14764.0,250.55,47.0,1.0
14765.0,254.11,29.0,3.0
14766.0,6301.88,8.0,11.0
14767.0,382.81,474.0,1.0
14768.0,139.5,17.0,2.0
14769.0,15438.9,3.0,17.0
14770.0,3624.89,232.0,8.0
14771.0,579.92,621.0,2.0
14772.0,139.26,112.0,1.0
14773.0,125.7,593.0,1.0
14774.0,241.45,529.0,1.0
14775.0,1011.9,58.0,3.0
14776.0,3339.02,51.0,15.0
14777.0,239.26,404.0,1.0
14778.0,730.86,127.0,2.0
14779.0,386.15,281.0,3.0
14780.0,447.68,55.0,2.0
14782.0,200.10000000000002,320.0,1.0
14783.0,305.35,659.0,1.0
14784.0,449.93,26.0,3.0
14785.0,77.4,10.0,2.0
14786.0,90.96,550.0,1.0
14787.0,110.65,471.0,1.0
14788.0,1156.32,7.0,3.0
14789.0,197.64,29.0,1.0
14790.0,2526.62,17.0,10.0
14791.0,303.63,607.0,1.0
14792.0,0.0,64.0,1.0
14793.0,611.0500000000001,21.0,2.0
14794.0,1889.15,3.0,10.0
14795.0,131.45000000000002,166.0,1.0
14796.0,9972.76,1.0,27.0
14797.0,300.31,507.0,1.0
14798.0,715.11,53.0,8.0
14799.0,338.15,51.0,2.0
14800.0,6832.6,48.0,17.0
14801.0,189.34,61.0,1.0
14802.0,-1502.98,438.0,2.0
14803.0,845.55,162.0,3.0
14804.0,353.27,9.0,1.0
14805.0,1082.55,15.0,7.0
14806.0,303.43,75.0,2.0
14807.0,504.14,391.0,2.0
14808.0,2152.8,40.0,8.0
14809.0,686.76,621.0,2.0
14810.0,2354.03,41.0,13.0
14811.0,170.5,387.0,1.0
14812.0,178.85,599.0,1.0
14813.0,888.91,370.0,4.0
14814.0,154.21,581.0,1.0
14815.0,778.5,37.0,2.0
14816.0,271.85,197.0,1.0
14817.0,3889.21,200.0,7.0
14818.0,1153.56,74.0,6.0
14819.0,456.41,64.0,4.0
14820.0,1274.76,21.0,9.0
14821.0,1230.15,367.0,7.0
14822.0,157.70000000000002,485.0,1.0
14823.0,321.43,180.0,3.0
14824.0,3952.51,10.0,10.0
14825.0,4696.28,4.0,24.0
14826.0,385.2,582.0,2.0
14827.0,0.0,665.0,1.0
14828.0,9803.460000000001,197.0,13.0
14829.0,1402.97,29.0,7.0
14830.0,188.88,53.0,1.0
14831.0,1623.97,680.0,3.0
14832.0,-274.63,630.0,1.0
14833.0,94.8,499.0,1.0
14834.0,2184.21,18.0,7.0
14835.0,293.09999999999997,529.0,2.0
14836.0,102.44999999999999,10.0,3.0
14837.0,3445.82,90.0,9.0
14838.0,769.9200000000001,423.0,2.0
14839.0,915.28,418.0,3.0
14840.0,340.21,268.0,2.0
14841.0,7163.0,53.0,14.0
14842.0,2456.8,44.0,4.0
14843.0,211.79999999999998,437.0,1.0
14844.0,6688.43,64.0,10.0
14845.0,150.0,600.0,1.0
14846.0,406.79999999999995,427.0,1.0
14847.0,1320.6,149.0,3.0
14848.0,310.56,405.0,1.0
14849.0,15186.6,22.0,43.0
14850.0,1599.76,312.0,7.0
14851.0,829.4100000000001,23.0,3.0
14852.0,6108.88,58.0,18.0
14853.0,1351.37,24.0,5.0
14854.0,4282.37,78.0,11.0
14855.0,6520.3,119.0,7.0
14856.0,1290.53,36.0,3.0
14857.0,3578.931,60.0,7.0
14858.0,180.75,506.0,1.0
14859.0,1703.94,13.0,5.0
14860.0,168.62,19.0,1.0
14861.0,1318.4,52.0,10.0
14862.0,841.1999999999999,26.0,2.0
14863.0,266.76,29.0,1.0
14865.0,92.52000000000001,7.0,4.0
14866.0,20554.09,11.0,19.0
14867.0,2910.41,186.0,16.0
14868.0,4170.06,3.0,12.0
14869.0,2750.7,9.0,6.0
14870.0,1794.6000000000001,262.0,6.0
14871.0,1228.17,3.0,9.0
14872.0,802.6800000000001,484.0,3.0
14873.0,854.13,210.0,2.0
14874.0,116.18,535.0,1.0
14875.0,2841.55,108.0,3.0
14876.0,256.7,521.0,2.0
14877.0,425.85,418.0,2.0
14878.0,3783.48,13.0,25.0
14879.0,185.06,685.0,1.0
14880.0,690.59,77.0,3.0
14881.0,255.4,20.0,1.0
14882.0,3345.05,27.0,14.0
14883.0,756.64,19.0,6.0
14884.0,120.6,669.0,1.0
14885.0,1496.12,132.0,3.0
14886.0,364.8,253.0,1.0
14887.0,1862.0,79.0,1.0
14888.0,369.2,207.0,1.0
14889.0,135.9,336.0,1.0
14890.0,817.25,254.0,3.0
14891.0,1106.73,148.0,4.0
14892.0,202.35000000000002,691.0,1.0
14893.0,1782.26,10.0,3.0
14894.0,1412.21,85.0,3.0
14895.0,24488.82,8.0,38.0
14896.0,1727.3,205.0,8.0
14897.0,3100.7400000000002,8.0,8.0
14898.0,3242.6,23.0,14.0
14899.0,1331.38,395.0,1.0
14900.0,13.919999999999998,522.0,1.0
14901.0,1912.7,11.0,12.0
14902.0,1000.27,26.0,3.0
14903.0,2729.18,21.0,5.0
14904.0,1630.49,2.0,4.0
14905.0,1939.69,158.0,8.0
14906.0,-66.98,445.0,1.0
14907.0,5476.62,3.0,16.0
14908.0,381.9,74.0,2.0
14909.0,1380.98,437.0,3.0
14910.0,389.86,3.0,4.0
14911.0,265757.91,1.0,398.0
14912.0,748.5799999999998,17.0,6.0
14913.0,4073.13,36.0,8.0
14915.0,1752.65,91.0,11.0
14916.0,2888.21,71.0,8.0
14917.0,1123.75,597.0,2.0
14918.0,5955.81,116.0,9.0
14919.0,359.35,539.0,1.0
14920.0,1607.17,213.0,3.0
14921.0,1316.07,30.0,2.0
14922.0,843.74,394.0,2.0
14923.0,749.1,51.0,1.0
14924.0,931.01,246.0,3.0
14926.0,337.65,382.0,2.0
14927.0,308.2,397.0,1.0
14928.0,204.46,628.0,1.0
14929.0,836.69,32.0,2.0
14930.0,5126.74,109.0,6.0
14931.0,964.6800000000001,5.0,5.0
14932.0,666.13,366.0,2.0
14933.0,885.0,444.0,4.0
14934.0,2444.1,82.0,5.0
14935.0,2849.83,297.0,2.0
14936.0,12378.46,34.0,12.0
14937.0,1617.63,57.0,3.0
14938.0,2289.43,562.0,2.0
14940.0,531.49,418.0,2.0
14941.0,182.1,579.0,1.0
14942.0,706.56,402.0,4.0
14943.0,107.62,663.0,1.0
14944.0,9674.92,30.0,19.0
14945.0,179.4,414.0,1.0
14946.0,100.9,14.0,1.0
14947.0,1049.79,72.0,6.0
14948.0,1066.57,23.0,6.0
14949.0,498.55,469.0,4.0
14950.0,361.25,19.0,1.0
14951.0,311.69,79.0,1.0
14952.0,17347.25,60.0,32.0
14953.0,962.92,25.0,4.0
14954.0,462.12,12.0,2.0
14955.0,163.77,733.0,1.0
14956.0,1325.0,421.0,1.0
14957.0,261.69,253.0,2.0
14958.0,941.99,147.0,6.0
14959.0,684.97,64.0,4.0
14960.0,221.27,8.0,2.0
14961.0,16328.9,11.0,22.0
14962.0,366.91,271.0,4.0
14963.0,3117.72,10.0,12.0
14964.0,206.21,247.0,1.0
14965.0,596.09,96.0,2.0
14966.0,1064.26,15.0,6.0
14967.0,1680.52,50.0,6.0
14968.0,501.24,30.0,2.0
14969.0,906.23,704.0,1.0
14970.0,3593.4,68.0,12.0
14971.0,1097.98,35.0,3.0
14972.0,145.07,128.0,2.0
14973.0,1314.45,107.0,3.0
14974.0,89.94,37.0,1.0
14975.0,472.39,57.0,2.0
14976.0,765.86,57.0,7.0
14977.0,31.929999999999996,726.0,1.0
14978.0,3076.39,72.0,10.0
14979.0,429.66,735.0,1.0
14980.0,150.68,737.0,1.0
14981.0,313.52,246.0,2.0
14982.0,237.78,572.0,1.0
14983.0,183.20000000000002,689.0,1.0
14984.0,1260.51,19.0,6.0
14985.0,292.01,198.0,2.0
14986.0,563.1,376.0,2.0
14987.0,1469.05,16.0,8.0
14988.0,2038.65,212.0,7.0
14989.0,342.4,662.0,1.0
14990.0,304.17,612.0,2.0
14991.0,314.67,430.0,1.0
14992.0,210.5,442.0,1.0
14993.0,36.13,564.0,1.0
14994.0,872.42,382.0,5.0
14995.0,231.98000000000002,39.0,2.0
14996.0,442.28999999999996,481.0,2.0
14997.0,771.38,46.0,4.0
14998.0,753.18,170.0,4.0
14999.0,129.48000000000002,593.0,1.0
15000.0,490.52,48.0,1.0
15001.0,199.10999999999999,394.0,2.0
15002.0,4138.08,116.0,9.0
15003.0,1022.03,473.0,6.0
15004.0,1220.77,147.0,1.0
15005.0,13412.9,16.0,56.0
15006.0,757.78,51.0,2.0
15007.0,156.91,159.0,1.0
15008.0,360.0,480.0,2.0
15009.0,1259.43,12.0,3.0
15010.0,308.94,36.0,1.0
15011.0,416.6,396.0,2.0
15012.0,646.26,54.0,3.0
15013.0,1610.82,488.0,10.0
15014.0,257.67,43.0,2.0
15015.0,2265.77,501.0,13.0
15016.0,612.89,173.0,5.0
15017.0,125.58,34.0,1.0
15018.0,456.26,39.0,3.0
15019.0,252.81,267.0,1.0
15020.0,198.47,379.0,1.0
15021.0,2422.35,9.0,12.0
15022.0,1133.44,12.0,5.0
15023.0,11500.16,3.0,20.0
15024.0,3559.39,10.0,16.0
15025.0,979.79,33.0,2.0
15026.0,1048.8899999999999,80.0,5.0
15027.0,2974.04,31.0,10.0
15028.0,962.94,8.0,6.0
15029.0,362.15,620.0,1.0
15030.0,1964.66,72.0,8.0
15031.0,2803.73,4.0,14.0
15032.0,10515.05,256.0,8.0
15033.0,2541.53,5.0,10.0
15034.0,8200.25,16.0,14.0
15035.0,252.73000000000002,90.0,1.0
15036.0,429.56,72.0,3.0
15037.0,397.76,376.0,2.0
15038.0,1106.63,59.0,9.0
15039.0,38853.04,10.0,93.0
15040.0,7.49,542.0,1.0
15041.0,289.4,170.0,2.0
15042.0,315.45,199.0,2.0
15043.0,2870.3199999999997,31.0,6.0
15044.0,15661.35,19.0,35.0
15045.0,633.66,152.0,2.0
15046.0,7394.78,9.0,25.0
15047.0,343.62,270.0,1.0
15048.0,377.52,65.0,4.0
15049.0,121.17000000000002,274.0,1.0
15050.0,4032.27,25.0,5.0
15051.0,3911.91,23.0,9.0
15052.0,207.73000000000002,319.0,1.0
15053.0,693.95,5.0,3.0
15054.0,302.1,12.0,2.0
15055.0,549.12,475.0,3.0
15056.0,113.64999999999999,520.0,1.0
15057.0,3184.56,275.0,5.0
15058.0,3354.73,25.0,16.0
15059.0,3395.25,41.0,19.0
15060.0,294.25,8.0,4.0
15061.0,124961.98,4.0,127.0
15062.0,2585.62,71.0,8.0
15063.0,370.79999999999995,213.0,1.0
15064.0,1254.41,410.0,4.0
15065.0,3304.71,38.0,5.0
15066.0,760.59,53.0,1.0
15067.0,3850.13,78.0,5.0
15068.0,1174.9,46.0,4.0
15069.0,1109.53,179.0,1.0
15070.0,737.0500000000001,373.0,3.0
15071.0,1455.56,94.0,4.0
15072.0,187.51999999999998,479.0,1.0
15073.0,2357.04,10.0,8.0
15074.0,1553.1299999999999,105.0,3.0
15075.0,773.03,78.0,1.0
15076.0,1425.84,173.0,3.0
15077.0,2423.88,495.0,2.0
15078.0,17101.37,7.0,53.0
15079.0,3544.8,213.0,11.0
15080.0,546.25,428.0,2.0
15081.0,1837.1200000000001,22.0,12.0
15082.0,93.35000000000001,669.0,1.0
15083.0,88.2,257.0,1.0
15084.0,965.2,380.0,2.0
15085.0,347.54,730.0,1.0
15086.0,218.53,565.0,2.0
15087.0,306.94,282.0,1.0
15088.0,1140.27,21.0,2.0
15089.0,2420.84,10.0,6.0
15090.0,381.32,308.0,1.0
15091.0,1023.11,68.0,3.0
15092.0,773.16,215.0,3.0
15093.0,13034.15,18.0,23.0
15094.0,83.0,463.0,2.0
15095.0,3135.74,104.0,10.0
15096.0,219.39000000000001,43.0,1.0
15097.0,587.05,4.0,3.0
15098.0,649.5,182.0,3.0
15099.0,410.48,84.0,1.0
15100.0,1750.1,334.0,7.0
15101.0,1303.49,9.0,6.0
15102.0,554.67,531.0,2.0
15103.0,703.36,31.0,2.0
15104.0,968.64,197.0,2.0
15105.0,3094.91,18.0,9.0
15106.0,1407.73,18.0,5.0
15107.0,740.26,311.0,9.0
15108.0,1291.75,142.0,4.0
15109.0,961.9,246.0,3.0
15110.0,1482.95,24.0,6.0
15111.0,2442.37,29.0,5.0
15112.0,209.4,611.0,1.0
15113.0,3339.5099999999998,10.0,3.0
15114.0,3400.12,30.0,12.0
15115.0,528.1,18.0,2.0
15116.0,1352.75,18.0,4.0
15117.0,2484.32,15.0,8.0
15118.0,244.8,134.0,1.0
15119.0,266.4,246.0,1.0
15120.0,343.82,134.0,1.0
15121.0,457.72,50.0,2.0
15122.0,4451.22,114.0,11.0
15123.0,4656.17,7.0,5.0
15124.0,450.82,23.0,4.0
15125.0,16124.33,25.0,24.0
15126.0,449.49,537.0,2.0
15127.0,711.5,66.0,2.0
15128.0,1732.22,60.0,5.0
15129.0,6860.18,50.0,23.0
15130.0,330.11,170.0,1.0
15131.0,80.28,395.0,1.0
15132.0,977.9300000000001,18.0,5.0
15133.0,1806.9,128.0,5.0
15134.0,1596.29,15.0,10.0
15135.0,293.78,239.0,2.0
15136.0,1282.45,3.0,4.0
15137.0,747.55,521.0,2.0
15138.0,486.59000000000003,394.0,1.0
15139.0,178.96,240.0,2.0
15140.0,3239.44,52.0,8.0
15141.0,1378.31,458.0,7.0
15142.0,2608.97,46.0,6.0
15143.0,563.63,226.0,2.0
15144.0,12006.51,8.0,29.0
15145.0,1194.73,4.0,4.0
15146.0,1313.66,165.0,2.0
15147.0,608.65,240.0,1.0
15148.0,301.29,11.0,1.0
15149.0,1554.6100000000001,134.0,5.0
15150.0,8967.44,17.0,13.0
15151.0,2085.61,423.0,2.0
15152.0,5197.97,10.0,14.0
15153.0,329.25,31.0,1.0
15154.0,1314.17,75.0,3.0
15155.0,383.96999999999997,383.0,1.0
15156.0,961.49,1.0,3.0
15157.0,2587.54,4.0,5.0
15158.0,437.66,45.0,2.0
15159.0,22049.4,2.0,34.0
15160.0,589.27,357.0,4.0
15161.0,119.92,388.0,1.0
15162.0,241.5,731.0,1.0
15163.0,304.47,18.0,2.0
15164.0,2011.21,69.0,9.0
15165.0,487.75,373.0,1.0
15166.0,167.16,468.0,1.0
15167.0,1627.62,321.0,5.0
15168.0,106.56,26.0,1.0
15169.0,569.22,382.0,2.0
15170.0,81.15,407.0,1.0
15171.0,1034.5,331.0,1.0
15172.0,1624.05,9.0,5.0
15173.0,1399.26,381.0,7.0
15174.0,481.46,323.0,2.0
15175.0,224.14,72.0,1.0
15176.0,985.09,668.0,1.0
15177.0,948.93,426.0,1.0
15178.0,40.5,260.0,1.0
15179.0,7426.82,18.0,13.0
15180.0,816.9300000000001,367.0,3.0
15181.0,953.4,66.0,5.0
15182.0,2942.752,154.0,11.0
15183.0,637.03,548.0,3.0
15184.0,685.39,29.0,4.0
15185.0,310.62,70.0,1.0
15186.0,1403.2,14.0,5.0
15187.0,4670.08,2.0,16.0
15188.0,310.43,725.0,1.0
15189.0,17101.13,1.0,46.0
15190.0,834.4399999999999,434.0,1.0
15191.0,588.05,463.0,3.0
15192.0,1666.39,120.0,5.0
15193.0,499.32,61.0,1.0
15194.0,11781.52,3.0,28.0
15195.0,3861.0,3.0,1.0
15196.0,313.7,433.0,2.0
15197.0,1427.84,11.0,6.0
15198.0,559.45,92.0,5.0
15199.0,3122.4,59.0,10.0
15200.0,549.05,495.0,1.0
15201.0,1525.9,87.0,7.0
15202.0,-2570.1800000000003,420.0,3.0
15203.0,4400.18,26.0,15.0
15204.0,316.58,357.0,1.0
15205.0,648.8299999999999,85.0,2.0
15206.0,420.29999999999995,10.0,4.0
15207.0,653.77,416.0,3.0
15208.0,968.02,1.0,6.0
15209.0,178.98000000000002,730.0,1.0
15210.0,1176.19,225.0,3.0
15211.0,894.4100000000001,60.0,2.0
15212.0,195.42999999999998,241.0,2.0
15213.0,325.05,319.0,2.0
15214.0,1661.44,2.0,8.0
15215.0,1496.46,47.0,7.0
15216.0,486.09,88.0,2.0
15217.0,426.24,563.0,1.0
15218.0,11408.26,11.0,22.0
15219.0,685.45,176.0,2.0
15220.0,1758.92,52.0,6.0
15221.0,1702.0,366.0,4.0
15222.0,3415.66,319.0,11.0
15223.0,1117.1,226.0,5.0
15224.0,837.26,358.0,5.0
15225.0,409.40000000000003,234.0,1.0
15226.0,154.41,311.0,1.0
15227.0,2488.4900000000002,37.0,9.0
15228.0,5570.5199999999995,66.0,6.0
15229.0,160.5,586.0,1.0
15230.0,429.6,239.0,2.0
15231.0,228.35999999999999,621.0,1.0
15232.0,612.06,113.0,2.0
15233.0,59.400000000000006,401.0,1.0
15234.0,197.0,277.0,1.0
15235.0,2772.76,218.0,16.0
15236.0,321.05,299.0,1.0
15237.0,1412.32,2.0,4.0
15238.0,1056.54,29.0,3.0
15239.0,764.34,10.0,2.0
15240.0,4320.45,45.0,12.0
15241.0,3032.31,67.0,11.0
15242.0,302.04,422.0,1.0
15243.0,927.2800000000001,74.0,2.0
15244.0,850.1800000000001,65.0,3.0
15245.0,4610.84,134.0,8.0
15246.0,780.4,238.0,3.0
15247.0,967.11,122.0,3.0
15248.0,1865.03,411.0,3.0
15249.0,9147.15,32.0,18.0
15250.0,60.0,641.0,1.0
15251.0,20095.6,9.0,21.0
15252.0,2053.06,36.0,5.0
15253.0,2033.29,16.0,8.0
15254.0,1073.4,127.0,3.0
15255.0,3647.37,67.0,9.0
15256.0,170.4,149.0,2.0
15257.0,600.9,283.0,2.0
15258.0,623.16,169.0,2.0
15259.0,1182.3799999999999,513.0,4.0
15260.0,8677.88,100.0,25.0
15261.0,1508.0,135.0,4.0
15262.0,418.82,324.0,3.0
15263.0,156.51,107.0,1.0
15264.0,844.2,64.0,2.0
15265.0,3345.64,151.0,4.0
15266.0,841.7,338.0,5.0
15267.0,1717.36,22.0,5.0
15268.0,941.2500000000001,479.0,3.0
15269.0,1225.3600000000001,24.0,3.0
15270.0,7241.1900000000005,16.0,21.0
15271.0,4458.29,7.0,24.0
15272.0,2030.95,57.0,6.0
15273.0,228.96,600.0,1.0
15274.0,716.57,4.0,2.0
15275.0,609.19,38.0,1.0
15276.0,601.3,66.0,4.0
15277.0,476.34,47.0,2.0
15278.0,496.15999999999997,562.0,4.0
15279.0,1554.84,355.0,5.0
15280.0,397.52,172.0,3.0
15281.0,8317.62,59.0,16.0
15282.0,348.59,570.0,1.0
15283.0,135.43,390.0,3.0
15284.0,24.75,500.0,1.0
15285.0,94.92,408.0,1.0
15286.0,240.55,50.0,1.0
15287.0,854.58,22.0,5.0
15288.0,3715.38,43.0,10.0
15289.0,1570.71,29.0,5.0
15290.0,10355.58,5.0,26.0
15291.0,13122.44,26.0,40.0
15292.0,178.39,201.0,1.0
15293.0,247.5,666.0,1.0
15294.0,222.3,411.0,1.0
15295.0,207.04,654.0,1.0
15296.0,10204.13,51.0,12.0
15297.0,635.04,10.0,3.0
15298.0,7958.43,2.0,23.0
15299.0,5408.61,67.0,10.0
15300.0,496.44,64.0,1.0
15301.0,6867.4400000000005,51.0,17.0
15302.0,291.05,730.0,1.0
15303.0,1178.78,290.0,3.0
15304.0,782.3,61.0,9.0
15305.0,93.6,555.0,1.0
15306.0,3480.98,64.0,9.0
15307.0,205.3,96.0,1.0
15308.0,302.27,274.0,1.0
15309.0,715.53,611.0,4.0
15310.0,1634.64,479.0,1.0
15311.0,111739.36,1.0,208.0
15312.0,2916.4900000000002,75.0,12.0
15313.0,52.0,110.0,1.0
15314.0,800.65,199.0,3.0
15315.0,551.54,64.0,2.0
15316.0,165.0,327.0,1.0
15317.0,112.05000000000001,677.0,1.0
15318.0,312.62,4.0,1.0
15319.0,204.5,284.0,1.0
15320.0,267.13,44.0,1.0
15321.0,6573.400000000001,71.0,12.0
15322.0,1314.15,86.0,2.0
15323.0,320.9,563.0,3.0
15324.0,140.22000000000003,701.0,1.0
15325.0,1596.26,104.0,8.0
15326.0,1529.82,334.0,5.0
15327.0,208.75,53.0,1.0
15328.0,107.24,408.0,1.0
15329.0,2735.18,39.0,11.0
15330.0,714.96,32.0,2.0
15331.0,755.41,500.0,3.0
15332.0,4892.68,366.0,6.0
15333.0,1028.56,208.0,1.0
15334.0,350.82,157.0,3.0
15335.0,170.22,54.0,1.0
15336.0,240.5,402.0,1.0
15337.0,344.72,411.0,1.0
15338.0,277.93,677.0,1.0
15339.0,1627.27,66.0,7.0
15340.0,105.5,562.0,1.0
15341.0,2401.02,81.0,2.0
15342.0,391.76,130.0,1.0
15343.0,364.5,87.0,1.0
15344.0,476.58,1.0,3.0
15345.0,367.69,46.0,1.0
15346.0,591.65,333.0,3.0
15347.0,1132.3,366.0,4.0
15348.0,158.04,72.0,1.0
15349.0,463.90999999999997,158.0,2.0
15350.0,547.6,373.0,2.0
15351.0,3320.5,12.0,10.0
15352.0,111.15,549.0,1.0
15353.0,2772.57,255.0,7.0
15354.0,-94.8,603.0,3.0
15355.0,277.05,29.0,2.0
15356.0,3239.57,31.0,13.0
15358.0,16213.65,5.0,42.0
15359.0,162.6,663.0,8.0
15360.0,427.93,40.0,1.0
15361.0,689.07,362.0,4.0
15362.0,613.08,449.0,2.0
15363.0,670.16,373.0,2.0
15364.0,913.19,96.0,2.0
15365.0,3573.26,26.0,13.0
15366.0,2389.08,75.0,7.0
15367.0,5005.7300000000005,57.0,11.0
15368.0,722.74,21.0,2.0
15369.0,1713.39,492.0,11.0
15370.0,3713.51,41.0,8.0
15371.0,59.400000000000006,662.0,1.0
15372.0,5954.42,137.0,8.0
15373.0,2881.7400000000002,8.0,17.0
15374.0,307.32,129.0,2.0
15375.0,60.959999999999994,690.0,1.0
15376.0,1221.56,40.0,3.0
15377.0,1179.95,383.0,4.0
15378.0,246.5,463.0,2.0
15379.0,4806.4400000000005,169.0,8.0
15380.0,3192.1000000000004,9.0,11.0
15381.0,1887.62,214.0,5.0
15382.0,13646.5,15.0,12.0
15384.0,2021.14,170.0,4.0
15385.0,942.08,40.0,3.0
15386.0,394.14,186.0,1.0
15387.0,468.65,492.0,1.0
15388.0,140.54,270.0,1.0
15389.0,2733.8,172.0,5.0
15390.0,1216.66,396.0,2.0
15391.0,282.92,584.0,1.0
15392.0,2891.82,5.0,7.0
15393.0,891.34,16.0,5.0
15394.0,5251.4,10.0,11.0
15395.0,107.45,326.0,1.0
15396.0,796.38,113.0,2.0
15397.0,94.0,290.0,1.0
15398.0,1339.63,16.0,2.0
15399.0,815.77,1.0,3.0
15400.0,1252.8,92.0,8.0
15401.0,216.95000000000002,452.0,2.0
15402.0,1816.64,149.0,6.0
15403.0,170.88,492.0,2.0
15404.0,257.06,376.0,1.0
15405.0,659.84,189.0,2.0
15406.0,891.77,31.0,4.0
15407.0,1046.74,34.0,4.0
15408.0,267.18,264.0,1.0
15409.0,117.2,721.0,1.0
15410.0,4685.72,84.0,10.0
15411.0,1336.43,26.0,4.0
15412.0,190.53,171.0,1.0
15413.0,-2531.3799999999997,692.0,5.0
15414.0,774.9000000000001,10.0,3.0
15415.0,559.61,313.0,1.0
15416.0,4554.65,65.0,7.0
15417.0,508.8,85.0,1.0
15418.0,449.42,425.0,2.0
15419.0,135.86,25.0,1.0
15420.0,743.0,434.0,6.0
15421.0,3805.34,59.0,10.0
15422.0,1615.02,323.0,7.0
15423.0,219.14,38.0,3.0
15424.0,597.78,254.0,3.0
15425.0,1941.1200000000001,400.0,4.0
15426.0,2138.86,19.0,9.0
15427.0,1430.54,33.0,3.0
15428.0,762.75,15.0,4.0
15429.0,364.90000000000003,27.0,2.0
15430.0,903.75,468.0,2.0
15431.0,153.24,503.0,1.0
15432.0,301.26,23.0,2.0
15433.0,417.87,214.0,2.0
15434.0,2517.11,8.0,11.0
15435.0,149.29,22.0,1.0
15436.0,1067.75,12.0,3.0
15437.0,393.45,262.0,2.0
15438.0,156.57999999999998,131.0,1.0
15439.0,1269.05,405.0,4.0
15440.0,383.68,55.0,3.0
15441.0,1254.21,396.0,3.0
15442.0,594.0,249.0,1.0
15443.0,5054.44,2.0,14.0
15444.0,1411.21,9.0,2.0
15445.0,284.5,264.0,2.0
15446.0,391.65,377.0,3.0
15447.0,484.93,331.0,5.0
15448.0,788.81,313.0,2.0
15449.0,971.22,26.0,3.0
15450.0,429.84,30.0,1.0
15451.0,226.86,434.0,2.0
15452.0,1785.1100000000001,30.0,6.0
15453.0,1371.77,2.0,7.0
15454.0,305.99,362.0,2.0
15455.0,38.25,598.0,1.0
15456.0,2091.52,283.0,10.0
15457.0,237.07,262.0,1.0
15458.0,370.43999999999994,25.0,2.0
15459.0,202.82999999999998,417.0,2.0
15460.0,214.26,354.0,1.0
15461.0,391.29999999999995,461.0,2.0
15462.0,737.05,94.0,4.0
15463.0,126.14,29.0,1.0
15464.0,1044.65,338.0,1.0
15465.0,11670.9,20.0,32.0
15466.0,1560.46,85.0,4.0
15467.0,511.88,9.0,3.0
15468.0,1387.48,51.0,3.0
15469.0,834.4,50.0,3.0
15470.0,63.419999999999995,576.0,1.0
15471.0,1292.01,2.0,3.0
15472.0,371.56,113.0,1.0
15473.0,1740.0,14.0,8.0
15474.0,150.35,596.0,1.0
15475.0,454.10999999999996,77.0,1.0
15476.0,2180.28,380.0,4.0
15477.0,368.4,650.0,1.0
15478.0,1983.48,40.0,3.0
15479.0,147.4,733.0,1.0
15480.0,3592.25,116.0,5.0
15481.0,1993.34,401.0,1.0
15482.0,7932.63,16.0,19.0
15483.0,817.8199999999999,161.0,10.0
15484.0,4620.9,1.0,6.0
15485.0,4663.92,30.0,7.0
15486.0,102.0,527.0,1.0
15487.0,231.32,680.0,1.0
15488.0,431.92,93.0,5.0
15489.0,2327.36,23.0,8.0
15490.0,181.35,430.0,1.0
15491.0,3090.85,95.0,6.0
15492.0,659.4599999999999,28.0,2.0
15493.0,4087.13,33.0,9.0
15494.0,3693.5,21.0,5.0
15495.0,246.5,379.0,1.0
15496.0,146.14000000000001,631.0,1.0
15497.0,8643.46,18.0,9.0
15498.0,23075.09,3.0,44.0
15499.0,158.65,724.0,1.0
15500.0,1131.56,8.0,4.0
15501.0,399.95,405.0,2.0
15502.0,8069.33,16.0,14.0
15503.0,257.3,363.0,2.0
15504.0,392.75,81.0,4.0
15505.0,3497.14,53.0,5.0
15506.0,2030.33,23.0,6.0
15507.0,475.86,172.0,1.0
15508.0,1000.27,189.0,6.0
15509.0,152.41,380.0,1.0
15510.0,250.0,331.0,1.0
15511.0,900.53,12.0,5.0
15512.0,331.58,156.0,4.0
15513.0,25950.95,33.0,35.0
15514.0,5275.79,12.0,18.0
15515.0,171.81,387.0,1.0
15516.0,62.43,45.0,3.0
15517.0,267.03,233.0,1.0
15518.0,4074.83,64.0,15.0
15519.0,344.61,383.0,2.0
15520.0,343.5,2.0,1.0
15521.0,6665.99,40.0,16.0
15522.0,397.99,33.0,2.0
15523.0,17119.24,84.0,16.0
15524.0,591.4,25.0,2.0
15525.0,875.3199999999999,2.0,4.0
15526.0,148.44,33.0,2.0
15527.0,5021.03,19.0,23.0
15528.0,229.33,254.0,1.0
15529.0,4756.21,23.0,12.0
15530.0,1808.68,22.0,5.0
15531.0,1972.39,8.0,2.0
15532.0,3675.0,25.0,10.0
15533.0,746.92,19.0,3.0
15534.0,162.25,726.0,1.0
15535.0,955.12,173.0,6.0
15536.0,259.09,409.0,1.0
15537.0,110.92,163.0,1.0
15538.0,3036.1,538.0,6.0
15539.0,538.46,7.0,1.0
15540.0,460.68,11.0,2.0
15541.0,85.13000000000001,114.0,1.0
15542.0,833.16,512.0,3.0
15543.0,242.26,288.0,2.0
15544.0,7779.58,9.0,20.0
15545.0,288.96999999999997,54.0,2.0
15546.0,539.5500000000001,607.0,2.0
15547.0,10043.55,7.0,26.0
15548.0,158.09,596.0,1.0
15549.0,2296.66,77.0,8.0
15550.0,1987.8500000000001,4.0,12.0
15551.0,1629.01,37.0,7.0
15552.0,252.52,217.0,2.0
15553.0,428.93,60.0,1.0
15554.0,217.2,278.0,1.0
15555.0,10875.64,12.0,36.0
15556.0,279.77,24.0,1.0
15557.0,468.91,29.0,1.0
15558.0,131.88,639.0,1.0
15559.0,1109.4,568.0,1.0
15560.0,153.52,398.0,2.0
15561.0,1856.54,12.0,8.0
15562.0,671.4300000000001,352.0,3.0
15563.0,2773.67,22.0,7.0
15564.0,70.74000000000001,463.0,2.0
15565.0,173.16,50.0,2.0
15566.0,227.87,393.0,2.0
15567.0,186.01,19.0,1.0
15568.0,758.29,3.0,3.0
15569.0,3583.45,104.0,10.0
15570.0,8672.44,7.0,25.0
15571.0,3892.35,12.0,14.0
15572.0,3965.2,5.0,10.0
15573.0,1188.42,32.0,5.0
15574.0,1059.44,178.0,6.0
15575.0,30.1,620.0,1.0
15576.0,921.37,38.0,1.0
15577.0,396.03000000000003,151.0,5.0
15578.0,127.1,162.0,1.0
15579.0,1215.38,69.0,5.0
15580.0,1216.15,377.0,8.0
15581.0,5486.79,121.0,38.0
15582.0,682.9100000000001,25.0,3.0
15583.0,95.96,376.0,1.0
15584.0,1265.7,24.0,6.0
15585.0,455.3,177.0,1.0
15586.0,1128.66,593.0,3.0
15587.0,1522.0800000000002,50.0,7.0
15588.0,579.6,678.0,1.0
15589.0,456.58,256.0,3.0
15590.0,1466.41,382.0,5.0
15591.0,217.9,583.0,3.0
15592.0,388.58,47.0,1.0
15593.0,199.8,71.0,1.0
15594.0,1767.53,16.0,5.0
15595.0,357.6,488.0,1.0
15596.0,2621.27,101.0,9.0
15597.0,554.52,35.0,2.0
15598.0,543.02,53.0,2.0
15599.0,1250.06,27.0,3.0
15600.0,1178.71,428.0,4.0
15601.0,14150.84,11.0,30.0
15602.0,2883.42,8.0,16.0
15603.0,74.73,79.0,2.0
15604.0,216.39,52.0,1.0
15605.0,1738.55,36.0,9.0
15606.0,4733.47,61.0,17.0
15607.0,1578.57,337.0,9.0
15608.0,1785.98,28.0,5.0
15609.0,270.03000000000003,184.0,1.0
15610.0,112.46000000000001,52.0,1.0
15611.0,2858.37,10.0,26.0
15612.0,195.15,36.0,2.0
15613.0,433.71999999999997,610.0,1.0
15614.0,3008.86,438.0,4.0
15615.0,21282.07,10.0,47.0
15616.0,317.11,438.0,1.0
15617.0,828.5500000000001,396.0,3.0
15618.0,747.031,33.0,4.0
15619.0,336.40000000000003,11.0,1.0
15620.0,1909.93,57.0,4.0
15621.0,1158.77,4.0,4.0
15622.0,7318.08,43.0,17.0
15623.0,2437.05,141.0,8.0
15624.0,588.13,117.0,4.0
15625.0,3203.25,104.0,9.0
15626.0,1049.37,75.0,3.0
15627.0,566.9,457.0,2.0
15628.0,5284.18,5.0,17.0
15629.0,2240.9,450.0,4.0
15630.0,1475.45,45.0,3.0
15631.0,596.67,642.0,1.0
15632.0,3147.31,16.0,8.0
15633.0,4156.91,509.0,13.0
15634.0,554.65,17.0,2.0
15635.0,100.35,396.0,1.0
15636.0,1444.58,90.0,4.0
15637.0,797.59,53.0,5.0
15638.0,2137.2,379.0,6.0
15639.0,1028.33,134.0,3.0
15640.0,23375.09,4.0,29.0
15641.0,5345.55,105.0,12.0
15642.0,105.78000000000002,730.0,1.0
15643.0,647.4,192.0,3.0
15644.0,803.54,166.0,4.0
15645.0,1042.57,19.0,3.0
15646.0,762.3100000000001,158.0,5.0
15647.0,169.0,415.0,1.0
15648.0,582.0500000000001,204.0,2.0
15649.0,1660.35,336.0,4.0
15650.0,539.03,522.0,2.0
15651.0,1259.06,37.0,5.0
15652.0,1397.44,91.0,5.0
15653.0,877.4399999999999,93.0,2.0
15654.0,922.53,9.0,2.0
15655.0,511.32,243.0,1.0
15656.0,748.5,45.0,4.0
15657.0,30.0,23.0,1.0
15658.0,1964.14,190.0,8.0
15659.0,532.49,44.0,3.0
15660.0,2554.84,25.0,15.0
15661.0,1215.95,317.0,8.0
15662.0,283.73,661.0,2.0
15663.0,138.14,106.0,1.0
15664.0,1212.35,51.0,4.0
15665.0,3987.07,168.0,5.0
15666.0,632.9399999999999,472.0,2.0
15667.0,301.32,40.0,1.0
15668.0,76.32000000000001,218.0,1.0
15669.0,677.69,40.0,4.0
15670.0,315.2,297.0,2.0
15671.0,2635.4900000000002,19.0,7.0
15672.0,45.300000000000004,725.0,1.0
15673.0,6199.37,88.0,9.0
15674.0,6217.85,73.0,13.0
15675.0,542.04,81.0,4.0
15676.0,3324.09,19.0,3.0
15677.0,1305.63,49.0,3.0
15678.0,1825.94,53.0,3.0
15679.0,781.28,24.0,4.0
15680.0,3985.59,9.0,10.0
15681.0,2480.2,25.0,14.0
15682.0,316.99,599.0,2.0
15683.0,524.54,117.0,2.0
15684.0,147.8,547.0,3.0
15685.0,55.980000000000004,450.0,1.0
15686.0,90.0,420.0,1.0
15687.0,2981.5,9.0,9.0
15688.0,190.57,419.0,1.0
15689.0,521.03,120.0,3.0
15690.0,239.76,4.0,2.0
15691.0,511.8,252.0,4.0
15692.0,191.04,28.0,1.0
15693.0,37.5,659.0,1.0
15694.0,9734.13,1.0,24.0
15695.0,1131.04,267.0,4.0
15696.0,3732.12,33.0,13.0
15697.0,246.75,690.0,1.0
15698.0,46.2,624.0,1.0
15699.0,309.65,18.0,1.0
15700.0,664.03,172.0,2.0
15701.0,1529.0,2.0,4.0
15702.0,140.39000000000001,476.0,2.0
15703.0,211.5,265.0,1.0
15704.0,3660.88,140.0,6.0
15705.0,143.1,201.0,1.0
15706.0,1001.8100000000001,64.0,4.0
15707.0,916.98,35.0,4.0
15708.0,3840.73,41.0,9.0
15709.0,327.85,284.0,2.0
15710.0,898.87,417.0,1.0
15711.0,420.25,557.0,2.0
15712.0,3467.46,9.0,12.0
15713.0,814.84,143.0,4.0
15714.0,783.96,12.0,5.0
15715.0,658.02,556.0,5.0
15716.0,2485.26,146.0,11.0
15717.0,607.0,234.0,5.0
15718.0,293.79,540.0,1.0
15719.0,10118.87,33.0,31.0
15720.0,739.22,24.0,2.0
15721.0,471.40000000000003,12.0,1.0
15722.0,5095.95,36.0,11.0
15723.0,930.7,365.0,4.0
15724.0,299.8,201.0,3.0
15725.0,415.25,15.0,1.0
15726.0,321.91,390.0,1.0
15727.0,9371.71,17.0,15.0
15728.0,409.80000000000007,380.0,2.0
15729.0,154.70000000000002,213.0,3.0
15730.0,1708.18,66.0,5.0
15731.0,125.3,554.0,1.0
15732.0,1499.42,212.0,10.0
15733.0,162.3,283.0,1.0
15734.0,2263.3,115.0,4.0
15735.0,327.68,421.0,1.0
15736.0,1668.67,435.0,2.0
15737.0,1121.21,15.0,8.0
15738.0,13015.42,19.0,41.0
15739.0,449.12,66.0,1.0
15740.0,154.88,49.0,1.0
15741.0,208.62,458.0,2.0
15742.0,156.87,619.0,1.0
15743.0,775.96,16.0,4.0
15744.0,34.8,78.0,1.0
15745.0,1071.24,19.0,4.0
15746.0,182.96,134.0,1.0
15747.0,2497.86,13.0,9.0
15748.0,609.8100000000001,40.0,3.0
15749.0,21535.9,235.0,3.0
15750.0,6362.601000000001,3.0,18.0
15751.0,1318.84,461.0,11.0
15752.0,3916.46,40.0,9.0
15753.0,79.2,305.0,1.0
15754.0,3001.86,51.0,9.0
15755.0,5936.95,10.0,17.0
15756.0,528.01,61.0,4.0
15757.0,2940.36,66.0,6.0
15758.0,205.25,25.0,1.0
15759.0,810.98,218.0,7.0
15760.0,-5795.87,631.0,2.0
15761.0,143.05,443.0,1.0
15762.0,583.75,65.0,2.0
15763.0,1048.67,32.0,2.0
15764.0,4453.28,88.0,8.0
15765.0,370.63,667.0,1.0
15766.0,799.66,64.0,3.0
15768.0,15267.26,116.0,34.0
15769.0,84177.58,7.0,46.0
15770.0,321.45,613.0,1.0
15771.0,1006.54,604.0,3.0
15772.0,280.88,418.0,1.0
15773.0,774.52,6.0,2.0
15774.0,1282.6,69.0,6.0
15775.0,150.5,245.0,2.0
15776.0,241.62,133.0,1.0
15777.0,1732.1599999999999,241.0,7.0
15778.0,307.95,431.0,1.0
15779.0,124.08000000000001,463.0,2.0
15780.0,475.28000000000003,184.0,3.0
15781.0,333.56,25.0,3.0
15782.0,3985.65,10.0,4.0
15783.0,246.3,11.0,1.0
15784.0,848.3299999999999,468.0,2.0
15785.0,5825.33,33.0,16.0
15786.0,8379.65,46.0,5.0
15787.0,933.26,26.0,3.0
15788.0,215.53,509.0,1.0
15789.0,1932.01,358.0,6.0
15790.0,218.75,10.0,1.0
15791.0,3541.79,44.0,5.0
15792.0,933.84,400.0,2.0
15793.0,2382.92,15.0,8.0
15794.0,777.0,736.0,2.0
15795.0,1979.8700000000001,150.0,8.0
15796.0,5015.75,1.0,17.0
15797.0,2821.08,113.0,6.0
15798.0,1535.37,493.0,3.0
15799.0,1421.34,76.0,4.0
15800.0,1227.07,107.0,7.0
15801.0,1042.19,46.0,3.0
15802.0,-451.42,143.0,1.0
15803.0,1929.66,51.0,4.0
15804.0,3848.55,1.0,13.0
15805.0,9668.62,23.0,30.0
15806.0,784.58,46.0,3.0
15807.0,1807.57,50.0,5.0
15808.0,17038.95,306.0,21.0
15809.0,862.88,36.0,7.0
15810.0,2724.8,79.0,8.0
15811.0,3438.85,22.0,7.0
15812.0,5186.17,107.0,12.0
15813.0,1303.9099999999999,208.0,2.0
15814.0,2531.84,17.0,6.0
15815.0,2100.6,64.0,5.0
15816.0,93.3,542.0,2.0
15817.0,2766.4,421.0,3.0
15818.0,340.5,588.0,1.0
15819.0,3911.28,49.0,10.0
15820.0,206.98,320.0,1.0
15821.0,570.96,44.0,2.0
15822.0,1777.91,3.0,6.0
15823.0,3018.86,372.0,3.0
15824.0,890.94,453.0,2.0
15825.0,532.94,172.0,1.0
15826.0,2583.13,56.0,4.0
15827.0,3240.03,73.0,28.0
15828.0,1108.82,375.0,1.0
15829.0,636.14,99.0,2.0
15830.0,547.7,38.0,1.0
15831.0,740.64,58.0,3.0
15832.0,836.79,254.0,1.0
15833.0,80.4,738.0,1.0
15834.0,3615.54,70.0,7.0
15835.0,954.09,44.0,4.0
15836.0,117.47,50.0,1.0
15837.0,777.01,65.0,2.0
15838.0,72727.41,11.0,34.0
15839.0,1020.74,33.0,3.0
15840.0,345.66,59.0,2.0
15841.0,2716.5,73.0,9.0
15842.0,528.75,393.0,2.0
15843.0,118.95000000000002,304.0,1.0
15844.0,130.73999999999998,46.0,1.0
15845.0,4273.65,18.0,11.0
15846.0,107.01,385.0,1.0
15847.0,822.57,38.0,5.0
15848.0,137.99,622.0,1.0
15850.0,1006.75,19.0,6.0
15851.0,109.73,527.0,1.0
15852.0,257.26,187.0,3.0
15853.0,110.8,52.0,1.0
15854.0,5578.28,4.0,21.0
15855.0,1052.72,137.0,6.0
15856.0,31873.05,4.0,52.0
15857.0,570.48,19.0,2.0
15858.0,3509.91,16.0,13.0
15859.0,438.46,432.0,1.0
15860.0,2361.3,41.0,17.0
15861.0,4185.4,12.0,12.0
15862.0,2512.29,8.0,13.0
15863.0,355.1,26.0,5.0
15864.0,2014.22,22.0,7.0
15865.0,2241.42,41.0,5.0
15866.0,211.89,101.0,1.0
15867.0,8834.2,5.0,31.0
15868.0,94.53,583.0,1.0
15869.0,321.11,277.0,3.0
15870.0,857.46,33.0,4.0
15871.0,33.099999999999994,437.0,1.0
15872.0,729.25,15.0,4.0
15873.0,138.23999999999998,500.0,4.0
15874.0,11135.0,64.0,21.0
15875.0,108.52,646.0,1.0
15876.0,1449.1399999999999,409.0,2.0
15877.0,437.83,2.0,2.0
15878.0,330.77,562.0,2.0
15879.0,1137.8,404.0,4.0
15880.0,299.03,369.0,1.0
15881.0,438.24,312.0,5.0
15882.0,1098.5900000000001,199.0,8.0
15883.0,396.48,2.0,2.0
15884.0,238.65000000000003,432.0,2.0
15885.0,1737.57,93.0,15.0
15886.0,1052.8700000000001,60.0,4.0
15887.0,1027.15,407.0,3.0
15888.0,402.12,81.0,3.0
15889.0,1417.15,157.0,8.0
15890.0,535.65,395.0,5.0
15891.0,511.68,227.0,1.0
15892.0,128.2,669.0,1.0
15893.0,305.28000000000003,482.0,1.0
15894.0,258.25,253.0,2.0
15895.0,179.17,150.0,1.0
15897.0,208.59,194.0,2.0
15898.0,4934.5,1.0,25.0
15899.0,56.25,369.0,1.0
15900.0,876.67,24.0,4.0
15901.0,668.73,17.0,7.0
15902.0,145.01,380.0,1.0
15903.0,8859.82,10.0,12.0
15904.0,164.68,8.0,1.0
15905.0,114.69,543.0,1.0
15906.0,2442.44,20.0,10.0
15907.0,882.72,4.0,3.0
15908.0,758.62,491.0,2.0
15909.0,191.94,174.0,1.0
15910.0,2661.17,1.0,15.0
15911.0,1399.45,624.0,8.0
15912.0,1074.7,178.0,9.0
15913.0,6.300000000000001,534.0,1.0
15914.0,205.99,378.0,2.0
15915.0,364.45,402.0,1.0
15916.0,3014.04,16.0,13.0
15917.0,530.17,248.0,5.0
15918.0,582.88,191.0,3.0
15919.0,525.69,20.0,2.0
15920.0,569.14,154.0,9.0
15921.0,775.26,173.0,4.0
15922.0,363.6,373.0,1.0
15923.0,127.08,373.0,1.0
15924.0,102.82,731.0,1.0
15925.0,207.15,194.0,1.0
15926.0,134.44,542.0,1.0
15927.0,106.54,647.0,1.0
15928.0,293.53,656.0,1.0
15929.0,594.0,644.0,1.0
15930.0,426.63,67.0,1.0
15931.0,239.9,428.0,1.0
15932.0,2461.85,4.0,8.0
15933.0,1107.46,21.0,3.0
15934.0,2190.66,418.0,2.0
15935.0,108.03999999999999,239.0,2.0
15936.0,282.79,379.0,2.0
15937.0,145.35,64.0,1.0
15938.0,734.81,112.0,9.0
15939.0,9047.64,90.0,16.0
15940.0,-3.552713678800501e-15,311.0,1.0
15941.0,230.6,637.0,1.0
15942.0,337.44,134.0,1.0
15943.0,271.28999999999996,650.0,2.0
15944.0,2164.24,277.0,4.0
15945.0,646.27,365.0,4.0
15946.0,2304.18,503.0,3.0
15947.0,1708.24,83.0,1.0
15948.0,1509.0900000000001,8.0,3.0
15949.0,364.72,17.0,2.0
15950.0,6878.71,32.0,10.0
15951.0,974.52,9.0,3.0
15952.0,781.91,34.0,4.0
15953.0,3295.49,15.0,18.0
15954.0,190.75,589.0,1.0
15955.0,8050.2300000000005,24.0,22.0
15956.0,617.6,551.0,2.0
15957.0,921.25,32.0,3.0
15958.0,462.12,74.0,4.0
15959.0,542.89,682.0,3.0
15960.0,394.0,374.0,4.0
15961.0,451.28999999999996,379.0,1.0
15962.0,289.48,449.0,1.0
15963.0,470.76,20.0,2.0
15964.0,269.21000000000004,663.0,1.0
15965.0,2758.19,17.0,13.0
15966.0,399.58,451.0,1.0
15967.0,2943.6,23.0,12.0
15968.0,404.55,388.0,1.0
15969.0,1043.85,3.0,5.0
15970.0,1017.32,304.0,2.0
15971.0,4930.43,18.0,18.0
15972.0,1769.33,456.0,5.0
15973.0,472.57,367.0,3.0
15974.0,3429.55,39.0,7.0
15975.0,371.01,84.0,1.0
15976.0,1694.41,165.0,6.0
15977.0,1054.73,17.0,2.0
15978.0,3272.62,77.0,3.0
15979.0,329.22,603.0,1.0
15980.0,6496.28,89.0,7.0
15981.0,9268.07,25.0,21.0
15982.0,324.51,605.0,1.0
15983.0,3110.37,22.0,8.0
15984.0,8304.82,3.0,30.0
15985.0,2610.28,123.0,7.0
15986.0,354.42,30.0,2.0
15987.0,1535.99,12.0,8.0
15988.0,738.89,19.0,3.0
15989.0,368.31,376.0,2.0
15990.0,1997.75,44.0,7.0
15991.0,150.55,534.0,1.0
15992.0,896.6,4.0,3.0
15993.0,2736.92,9.0,7.0
15994.0,1172.34,55.0,3.0
15995.0,694.54,414.0,1.0
15996.0,1370.5,88.0,7.0
15998.0,8186.19,37.0,16.0
15999.0,20.4,736.0,1.0
16000.0,12393.7,3.0,3.0
16001.0,519.06,381.0,1.0
16002.0,169.21,625.0,1.0
16003.0,5613.83,30.0,10.0
16004.0,2146.39,475.0,5.0
16005.0,2333.04,12.0,10.0
16006.0,332.82,211.0,2.0
16007.0,3053.06,48.0,7.0
16008.0,5339.13,24.0,15.0
16009.0,972.11,22.0,4.0
16010.0,1692.91,246.0,11.0
16011.0,5587.56,8.0,29.0
16012.0,2978.59,35.0,5.0
16013.0,51420.92,4.0,84.0
16014.0,1091.03,38.0,5.0
16015.0,689.6999999999999,4.0,3.0
16016.0,2053.0,3.0,11.0
16017.0,1545.58,47.0,5.0
16018.0,698.13,39.0,4.0
16019.0,16503.46,47.0,27.0
16020.0,851.01,17.0,3.0
16021.0,487.03,395.0,2.0
16022.0,602.63,260.0,1.0
16023.0,719.81,46.0,3.0
16024.0,483.99,12.0,3.0
16025.0,439.65999999999997,30.0,1.0
16026.0,236.09,43.0,1.0
16027.0,1799.8400000000001,92.0,15.0
16028.0,82.2,596.0,1.0
16029.0,89705.47,39.0,107.0
16030.0,331.24,310.0,1.0
16031.0,547.9,92.0,2.0
16032.0,1965.72,456.0,6.0
16033.0,10465.07,6.0,27.0
16034.0,908.37,196.0,6.0
16035.0,217.73,560.0,1.0
16036.0,2556.84,87.0,4.0
16037.0,1489.44,270.0,5.0
16038.0,454.33000000000004,8.0,3.0
16039.0,449.65,424.0,2.0
16040.0,2383.7000000000003,65.0,7.0
16041.0,3166.4,31.0,3.0
16042.0,2183.1,22.0,8.0
16043.0,1856.5900000000001,38.0,8.0
16044.0,340.84000000000003,435.0,1.0
16045.0,3187.03,120.0,8.0
16046.0,235.78,562.0,1.0
16047.0,107.14,682.0,1.0
16048.0,800.09,373.0,4.0
16049.0,1852.15,40.0,6.0
16050.0,300.7,174.0,3.0
16051.0,188.44,682.0,1.0
16052.0,362.06,54.0,1.0
16053.0,3606.14,33.0,6.0
16054.0,2090.68,145.0,4.0
16055.0,134.8,221.0,1.0
16056.0,650.75,45.0,1.0
16057.0,3202.07,16.0,10.0
16058.0,62.7,406.0,1.0
16059.0,3053.57,66.0,12.0
16060.0,541.95,401.0,3.0
16061.0,44.95,431.0,1.0
16062.0,2863.45,10.0,8.0
16063.0,335.32,260.0,1.0
16064.0,109.31,725.0,1.0
16065.0,1975.13,365.0,8.0
16066.0,1521.04,17.0,5.0
16067.0,2900.01,563.0,3.0
16068.0,115.73,594.0,1.0
16069.0,457.7,418.0,1.0
16070.0,852.15,22.0,2.0
16071.0,1076.8,45.0,4.0
16072.0,4180.09,288.0,4.0
16073.0,94.35,297.0,1.0
16074.0,252.5,390.0,1.0
16075.0,726.98,503.0,2.0
16076.0,2173.53,3.0,10.0
16077.0,600.0,626.0,1.0
16078.0,362.99,284.0,2.0
16079.0,1352.0,17.0,3.0
16080.0,472.9,82.0,4.0
16081.0,4278.96,56.0,8.0
16082.0,106.75,670.0,1.0
16083.0,2351.42,101.0,4.0
16084.0,436.18,299.0,1.0
16085.0,2335.23,23.0,12.0
16086.0,2685.65,59.0,10.0
16087.0,1739.92,389.0,5.0
16088.0,1437.43,576.0,2.0
16089.0,263.49,386.0,2.0
16090.0,180.56,624.0,1.0
16091.0,315.06,155.0,2.0
16092.0,1515.49,115.0,6.0
16093.0,17.0,107.0,1.0
16094.0,3599.16,12.0,11.0
16095.0,447.05,456.0,1.0
16096.0,1584.97,264.0,4.0
16097.0,185.04999999999998,240.0,1.0
16098.0,4010.7,88.0,14.0
16099.0,1568.25,50.0,7.0
16100.0,582.64,463.0,1.0
16101.0,3167.42,71.0,4.0
16102.0,1842.14,42.0,3.0
16103.0,6002.76,7.0,22.0
16104.0,2511.21,62.0,9.0
16105.0,2386.19,249.0,5.0
16106.0,108.38,66.0,1.0
16107.0,3204.1600000000003,18.0,7.0
16108.0,2171.93,85.0,4.0
16109.0,923.58,219.0,3.0
16110.0,1781.59,45.0,4.0
16111.0,549.33,428.0,1.0
16112.0,195.73999999999998,143.0,4.0
16113.0,161.38,183.0,1.0
16114.0,135.75000000000003,171.0,1.0
16115.0,2553.8,10.0,12.0
16116.0,592.88,212.0,1.0
16117.0,650.05,190.0,3.0
16118.0,4255.43,653.0,1.0
16119.0,1720.81,8.0,8.0
16120.0,2952.51,59.0,6.0
16121.0,1430.14,57.0,5.0
16122.0,895.62,73.0,6.0
16123.0,307.78,52.0,1.0
16124.0,1709.39,317.0,4.0
16125.0,4292.35,367.0,14.0
16126.0,14644.6,29.0,15.0
16127.0,801.31,39.0,2.0
16128.0,3748.4,18.0,11.0
16129.0,1396.05,407.0,3.0
16130.0,987.48,422.0,4.0
16131.0,9866.27,52.0,12.0
16132.0,664.1999999999999,544.0,2.0
16133.0,22228.88,4.0,56.0
16134.0,2119.99,22.0,5.0
16135.0,819.45,263.0,2.0
16136.0,921.08,60.0,4.0
16137.0,422.7,680.0,1.0
16138.0,902.4,379.0,3.0
16139.0,1111.15,19.0,5.0
16140.0,1412.05,66.0,3.0
16141.0,955.94,88.0,2.0
16142.0,535.34,250.0,1.0
16143.0,4511.13,3.0,12.0
16144.0,175.2,247.0,1.0
16145.0,6693.6,9.0,19.0
16146.0,946.38,157.0,4.0
16147.0,2367.02,134.0,5.0
16148.0,370.37,296.0,2.0
16149.0,422.22,5.0,3.0
16150.0,3761.27,43.0,10.0
16152.0,1829.04,269.0,1.0
16153.0,5037.51,50.0,11.0
16155.0,781.05,382.0,5.0
16156.0,5923.39,9.0,20.0
16157.0,644.24,16.0,3.0
16158.0,611.32,522.0,9.0
16159.0,1230.29,282.0,4.0
16160.0,1009.4499999999999,65.0,2.0
16161.0,12236.22,2.0,43.0
16162.0,37.4,252.0,1.0
16163.0,1822.03,232.0,6.0
16164.0,802.53,17.0,3.0
16165.0,79.9,505.0,1.0
16166.0,327.48,428.0,2.0
16167.0,1149.8700000000001,414.0,5.0
16168.0,10263.28,11.0,66.0
16169.0,1822.97,8.0,4.0
16170.0,6813.67,51.0,20.0
16171.0,73.2,59.0,1.0
16172.0,1884.55,95.0,8.0
16173.0,1406.57,16.0,6.0
16174.0,2246.75,126.0,7.0
16175.0,1836.44,94.0,7.0
16176.0,1964.04,421.0,4.0
16177.0,2141.61,50.0,8.0
16178.0,612.6,138.0,2.0
16179.0,215.83,61.0,1.0
16180.0,16170.27,100.0,13.0
16181.0,305.54,73.0,1.0
16182.0,9971.65,72.0,9.0
16183.0,1077.81,67.0,4.0
16184.0,1155.54,64.0,6.0
16185.0,644.72,17.0,3.0
16186.0,8676.23,23.0,26.0
16187.0,6841.24,32.0,15.0
16188.0,1077.71,45.0,5.0
16189.0,215.48,16.0,2.0
16190.0,2723.55,40.0,8.0
16191.0,15151.92,3.0,24.0
16192.0,351.3,736.0,1.0
16193.0,630.43,237.0,2.0
16194.0,308.59999999999997,375.0,1.0
16195.0,323.25,723.0,1.0
16196.0,93.3,489.0,1.0
16197.0,2016.71,469.0,9.0
16198.0,1030.0410000000002,75.0,2.0
16199.0,942.75,392.0,7.0
16200.0,5594.6,4.0,12.0
16201.0,2070.17,3.0,5.0
16202.0,2467.04,361.0,9.0
16203.0,940.09,59.0,6.0
16204.0,913.71,23.0,3.0
16205.0,1820.1100000000001,31.0,7.0
16206.0,2584.92,55.0,13.0
16207.0,394.38,25.0,1.0
16208.0,3440.45,45.0,10.0
16209.0,4146.78,89.0,9.0
16210.0,33565.52,2.0,35.0
16211.0,1086.34,89.0,3.0
16212.0,1284.56,19.0,4.0
16213.0,159.0,79.0,1.0
16214.0,2038.25,171.0,4.0
16215.0,242.35,81.0,1.0
16216.0,914.9300000000001,267.0,1.0
16217.0,259.39000000000004,235.0,2.0
16218.0,3872.3,30.0,13.0
16219.0,40.8,501.0,1.0
16221.0,2013.42,37.0,9.0
16222.0,1272.05,318.0,2.0
16223.0,1087.05,375.0,2.0
16224.0,1616.54,57.0,5.0
16225.0,2813.81,45.0,15.0
16226.0,672.1700000000001,203.0,5.0
16227.0,948.82,225.0,3.0
16228.0,881.0600000000001,385.0,3.0
16229.0,2835.36,87.0,6.0
16230.0,542.03,190.0,2.0
16231.0,1074.47,379.0,4.0
16232.0,2692.02,44.0,7.0
16233.0,1671.31,71.0,9.0
16234.0,312.78,476.0,3.0
16235.0,1990.6100000000001,41.0,9.0
16236.0,432.2,78.0,1.0
16237.0,136.65,437.0,1.0
16238.0,63.66,423.0,1.0
16239.0,1450.9,57.0,6.0
16240.0,3693.81,24.0,2.0
16241.0,3992.86,10.0,16.0
16242.0,7370.5,8.0,14.0
16243.0,409.1,34.0,2.0
16244.0,1522.75,212.0,2.0
16245.0,1352.3600000000001,24.0,3.0
16246.0,821.35,460.0,2.0
16247.0,114.56,170.0,1.0
16248.0,152.94,62.0,1.0
16249.0,1800.07,53.0,5.0
16250.0,565.24,261.0,3.0
16251.0,128.31,512.0,1.0
16252.0,2.6645352591003757e-15,383.0,1.0
16253.0,7238.96,67.0,7.0
16254.0,967.44,378.0,3.0
16255.0,4457.59,17.0,15.0
16256.0,1609.57,267.0,3.0
16257.0,46.95,177.0,1.0
16258.0,11833.52,45.0,15.0
16259.0,340.94,410.0,3.0
16260.0,1035.45,51.0,1.0
16261.0,1041.16,17.0,6.0
16262.0,677.78,378.0,1.0
16263.0,348.16,423.0,1.0
16264.0,823.53,438.0,2.0
16265.0,6893.62,9.0,12.0
16266.0,1757.95,74.0,14.0
16267.0,186.66,591.0,1.0
16268.0,667.65,71.0,2.0
16269.0,714.59,438.0,1.0
16270.0,1141.24,353.0,1.0
16271.0,3391.87,3.0,10.0
16272.0,411.7,117.0,1.0
16273.0,318.34000000000003,648.0,2.0
16274.0,351.75,373.0,1.0
16275.0,2151.11,197.0,3.0
16276.0,2629.3900000000003,177.0,3.0
16277.0,188.69,734.0,1.0
16278.0,1056.59,100.0,3.0
16279.0,5685.38,21.0,9.0
16280.0,238.05,725.0,1.0
16281.0,3416.52,72.0,3.0
16282.0,1307.58,340.0,3.0
16283.0,4257.87,6.0,8.0
16284.0,1018.48,31.0,3.0
16285.0,176.9,646.0,1.0
16286.0,263.65,477.0,2.0
16287.0,1006.98,170.0,5.0
16288.0,129.85,470.0,1.0
16289.0,98.81,462.0,1.0
16290.0,1957.7,465.0,4.0
16291.0,117.72,682.0,1.0
16292.0,1171.46,122.0,5.0
16293.0,4253.45,22.0,15.0
16294.0,126.05000000000001,477.0,1.0
16295.0,1328.55,10.0,4.0
16296.0,1245.97,626.0,4.0
16297.0,275.4,269.0,1.0
16298.0,1080.0,23.0,7.0
16299.0,178.65,477.0,1.0
16300.0,1367.32,430.0,3.0
16301.0,107.33,737.0,1.0
16302.0,212.82,127.0,1.0
16303.0,7823.72,26.0,7.0
16304.0,381.66,695.0,1.0
16305.0,361.21999999999997,139.0,1.0
16306.0,1094.72,214.0,7.0
16307.0,1194.92,429.0,3.0
16308.0,5120.0,38.0,7.0
16309.0,686.67,106.0,2.0
16310.0,460.08,414.0,2.0
16311.0,616.26,18.0,2.0
16312.0,171.15,432.0,1.0
16313.0,274.15000000000003,3.0,2.0
16314.0,1491.4,390.0,3.0
16315.0,402.71,331.0,2.0
16316.0,5533.31,64.0,13.0
16317.0,2179.76,120.0,5.0
16318.0,328.15,35.0,1.0
16319.0,404.40000000000003,218.0,1.0
16320.0,4428.849999999999,172.0,6.0
16321.0,265.5,72.0,7.0
16322.0,326.75,1.0,2.0
16323.0,353.66,196.0,2.0
16324.0,408.59000000000003,128.0,3.0
16325.0,3463.84,47.0,12.0
16326.0,4601.25,6.0,24.0
16327.0,10133.82,14.0,16.0
16328.0,310.83,563.0,1.0
16329.0,1664.92,428.0,4.0
16330.0,615.68,18.0,7.0
16331.0,2037.7,432.0,6.0
16332.0,1979.57,28.0,11.0
16333.0,26626.8,8.0,22.0
16334.0,263.73,492.0,1.0
16335.0,2726.52,552.0,7.0
16336.0,3517.69,421.0,4.0
16337.0,151.05,37.0,1.0
16338.0,214.79999999999998,157.0,1.0
16339.0,94.05,284.0,1.0
16340.0,1496.24,107.0,3.0
16341.0,3832.29,25.0,7.0
16342.0,322.41,75.0,4.0
16343.0,614.12,16.0,3.0
16344.0,842.42,158.0,4.0
16345.0,1178.79,44.0,2.0
16346.0,224.51,385.0,1.0
16347.0,3415.56,11.0,11.0
16348.0,1744.42,32.0,8.0
16349.0,53.5,291.0,1.0
16350.0,2222.49,21.0,9.0
16351.0,3279.13,333.0,13.0
16352.0,494.44,18.0,2.0
16353.0,9781.93,4.0,38.0
16354.0,1119.46,63.0,5.0
16355.0,349.2,375.0,1.0
16356.0,414.42,198.0,6.0
16357.0,868.37,33.0,4.0
16358.0,2917.1,1.0,5.0
16359.0,2379.4,7.0,16.0
16360.0,3349.57,5.0,6.0
16361.0,891.21,10.0,4.0
16362.0,816.96,32.0,6.0
16363.0,109.36000000000001,53.0,1.0
16364.0,705.79,12.0,2.0
16365.0,3156.94,18.0,15.0
16366.0,1548.1299999999999,19.0,4.0
16367.0,1350.48,37.0,3.0
16368.0,621.44,2.0,3.0
16369.0,2656.56,18.0,7.0
16370.0,1301.91,82.0,4.0
16371.0,157.2,449.0,1.0
16372.0,1260.31,33.0,5.0
16373.0,309.49,382.0,2.0
16374.0,1723.4,66.0,5.0
16375.0,104.0,470.0,2.0
16376.0,965.47,9.0,2.0
16377.0,1308.48,267.0,2.0
16378.0,362.95,247.0,3.0
16379.0,2131.9,4.0,4.0
16380.0,1743.1499999999999,61.0,1.0
16381.0,247.85,396.0,2.0
16382.0,353.1,408.0,2.0
16383.0,2832.69,75.0,7.0
16384.0,1358.95,90.0,4.0
16385.0,881.35,60.0,5.0
16386.0,1068.16,29.0,3.0
16387.0,882.46,323.0,5.0
16388.0,186.05,654.0,1.0
16389.0,1362.27,53.0,4.0
16390.0,467.5,537.0,3.0
16391.0,1052.26,401.0,4.0
16392.0,756.7,270.0,3.0
16393.0,5192.61,2.0,23.0
16394.0,1412.06,57.0,5.0
16395.0,3439.51,61.0,14.0
16396.0,102.69999999999999,476.0,1.0
16397.0,123.13,628.0,1.0
16398.0,1631.15,154.0,2.0
16399.0,630.22,19.0,3.0
16400.0,3059.85,95.0,9.0
16401.0,6628.99,1.0,23.0
16402.0,293.45,265.0,2.0
16403.0,161.04999999999998,312.0,1.0
16404.0,430.3,70.0,1.0
16405.0,167.25,302.0,2.0
16406.0,509.66,19.0,3.0
16407.0,2761.65,13.0,14.0
16408.0,231.93,591.0,1.0
16409.0,5652.74,36.0,12.0
16410.0,130.32,734.0,1.0
16411.0,756.39,19.0,4.0
16412.0,593.19,54.0,5.0
16413.0,522.03,57.0,2.0
16414.0,551.21,22.0,5.0
16415.0,696.76,44.0,3.0
16416.0,2933.47,27.0,9.0
16417.0,35.7,493.0,1.0
16418.0,1028.74,45.0,5.0
16419.0,1450.95,113.0,8.0
16420.0,75.0,396.0,1.0
16421.0,526.27,376.0,3.0
16422.0,59379.94,17.0,109.0
16423.0,346.12,25.0,1.0
16424.0,392.06,191.0,2.0
16425.0,302.7,302.0,1.0
16426.0,1863.76,2.0,10.0
16427.0,241.06,263.0,2.0
16428.0,635.54,414.0,3.0
16429.0,284.55,106.0,1.0
16430.0,1117.94,57.0,7.0
16431.0,623.28,213.0,3.0
16432.0,287.4,64.0,1.0
16433.0,384.52,28.0,2.0
16434.0,2658.99,29.0,12.0
16435.0,1003.0699999999999,512.0,3.0
16436.0,231.84,668.0,3.0
16437.0,301.25,381.0,2.0
16438.0,798.35,6.0,5.0
16439.0,310.70000000000005,722.0,1.0
16440.0,3856.9700000000003,8.0,6.0
16441.0,1008.18,67.0,5.0
16442.0,891.98,2.0,5.0
16443.0,162.24,521.0,1.0
16444.0,3551.68,46.0,17.0
16445.0,583.16,34.0,4.0
16446.0,-6.100000000005821,1.0,2.0
16447.0,727.1,136.0,3.0
16448.0,361.12,198.0,2.0
16449.0,674.69,198.0,2.0
16450.0,1475.73,150.0,3.0
16451.0,1009.4,88.0,3.0
16452.0,332.17,631.0,2.0
16453.0,251.71,531.0,2.0
16454.0,1.9000000000000004,45.0,4.0
16455.0,3917.92,64.0,11.0
16456.0,5323.44,99.0,13.0
16457.0,208.36,218.0,1.0
16458.0,5690.89,3.0,30.0
16459.0,71.78999999999999,730.0,1.0
16460.0,811.23,28.0,3.0
16461.0,1545.83,178.0,3.0
16462.0,102.0,74.0,3.0
16463.0,1383.7,21.0,4.0
16464.0,1298.66,20.0,3.0
16465.0,726.34,421.0,2.0
16466.0,3642.09,34.0,15.0
16467.0,2862.4,509.0,7.0
16468.0,787.52,74.0,3.0
16469.0,803.9,24.0,5.0
16470.0,2411.9,52.0,11.0
16471.0,1186.18,275.0,4.0
16472.0,789.6,434.0,2.0
16473.0,469.58,165.0,4.0
16474.0,1750.6200000000001,7.0,7.0
16475.0,544.3,88.0,4.0
16476.0,337.0,432.0,1.0
16477.0,4094.37,64.0,11.0
16478.0,331.0,25.0,3.0
16479.0,300.83,10.0,2.0
16480.0,769.29,76.0,1.0
16481.0,428.23,682.0,1.0
16482.0,220.62,16.0,1.0
16483.0,139.35,192.0,1.0
16484.0,379.4,174.0,2.0
16485.0,2130.19,77.0,5.0
16486.0,134.36,538.0,1.0
16487.0,209.4,577.0,2.0
16488.0,492.2,33.0,3.0
16489.0,303.7,380.0,2.0
16490.0,179.16000000000003,436.0,1.0
16491.0,1524.31,47.0,2.0
16492.0,385.56,541.0,1.0
16493.0,2110.12,80.0,7.0
16494.0,826.53,297.0,1.0
16495.0,648.26,3.0,3.0
16496.0,2293.47,9.0,6.0
16497.0,6695.28,50.0,23.0
16498.0,86.12,161.0,2.0
16499.0,2509.64,360.0,8.0
16500.0,835.96,5.0,9.0
16501.0,1191.23,383.0,1.0
16502.0,258.55,620.0,2.0
16503.0,3597.89,107.0,11.0
16504.0,465.88,25.0,1.0
16505.0,777.6,32.0,1.0
16506.0,90.30000000000001,20.0,2.0
16507.0,142.71,572.0,1.0
16508.0,240.95,630.0,1.0
16509.0,363.7,297.0,1.0
16510.0,1777.5,372.0,6.0
16511.0,1760.49,22.0,6.0
16513.0,874.59,5.0,4.0
16515.0,3179.06,52.0,10.0
16516.0,101.69999999999999,30.0,1.0
16517.0,162.7,277.0,1.0
16518.0,938.27,61.0,4.0
16519.0,439.06,25.0,4.0
16520.0,2131.68,186.0,6.0
16521.0,1140.11,415.0,3.0
16522.0,433.36,436.0,2.0
16523.0,11760.54,2.0,28.0
16524.0,306.19,446.0,2.0
16525.0,22919.4,2.0,48.0
16526.0,717.21,172.0,2.0
16527.0,1232.94,81.0,2.0
16528.0,244.41,4.0,1.0
16529.0,1986.8,190.0,4.0
16530.0,48.349999999999994,668.0,1.0
16531.0,2263.58,22.0,11.0
16532.0,8756.64,18.0,5.0
16533.0,1014.19,19.0,3.0
16534.0,635.9,642.0,1.0
16535.0,972.04,5.0,3.0
16536.0,538.17,110.0,1.0
16537.0,23.35,641.0,1.0
16538.0,395.07,541.0,3.0
16539.0,3289.66,3.0,10.0
16540.0,205.75,414.0,1.0
16541.0,419.78,735.0,1.0
16542.0,257.32,54.0,2.0
16543.0,277.80999999999995,592.0,1.0
16544.0,110.3,520.0,4.0
16545.0,689.82,165.0,2.0
16546.0,4421.04,291.0,5.0
16547.0,104.25999999999999,546.0,1.0
16548.0,30.15,599.0,1.0
16549.0,12759.25,10.0,34.0
16550.0,8556.82,109.0,18.0
16551.0,2237.12,96.0,7.0
16552.0,379.73,243.0,2.0
16553.0,16500.12,163.0,33.0
16554.0,2407.17,42.0,8.0
16555.0,285.89,35.0,6.0
16556.0,7610.2300000000005,67.0,17.0
16557.0,281.85,24.0,2.0
16558.0,13149.56,1.0,38.0
16559.0,175.0,397.0,1.0
16560.0,3010.73,27.0,8.0
16561.0,511.12,6.0,2.0
16562.0,223.85999999999999,477.0,1.0
16563.0,4402.36,54.0,6.0
16564.0,87.8,569.0,1.0
16565.0,700.45,364.0,4.0
16566.0,614.01,15.0,5.0
16567.0,865.6,194.0,2.0
16568.0,1020.9000000000001,428.0,2.0
16569.0,1455.23,3.0,5.0
16570.0,6841.82,15.0,20.0
16571.0,4025.05,27.0,10.0
16572.0,999.7,127.0,3.0
16573.0,648.41,85.0,2.0
16574.0,1301.78,71.0,3.0
16576.0,513.1700000000001,420.0,2.0
16577.0,380.0,667.0,1.0
16578.0,156.6,626.0,1.0
16579.0,264.45,426.0,1.0
16581.0,70.44,183.0,1.0
16582.0,313.62,113.0,1.0
16583.0,297.95,374.0,2.0
16584.0,3077.9700000000003,80.0,5.0
16585.0,341.59,594.0,2.0
16586.0,1462.78,249.0,3.0
16587.0,225.15,232.0,1.0
16588.0,1361.28,386.0,4.0
16589.0,612.36,71.0,4.0
16590.0,563.6,401.0,2.0
16591.0,213.5,69.0,1.0
16592.0,7624.46,4.0,28.0
16593.0,1051.24,51.0,8.0
16594.0,181.09,75.0,1.0
16595.0,1757.75,61.0,5.0
16596.0,458.98,16.0,4.0
16597.0,90.04,4.0,1.0
16598.0,140.7,286.0,1.0
16599.0,172.8,386.0,1.0
16600.0,2093.56,4.0,13.0
16601.0,677.0,41.0,3.0
16602.0,711.63,36.0,2.0
16603.0,482.47,75.0,2.0
16604.0,326.25,563.0,2.0
16605.0,60.48,724.0,1.0
16606.0,357.66,404.0,2.0
16607.0,5375.18,18.0,25.0
16608.0,1286.6200000000001,454.0,2.0
16609.0,5450.96,15.0,7.0
16610.0,75.66,219.0,1.0
16611.0,1776.63,186.0,6.0
16612.0,3243.48,33.0,9.0
16613.0,618.59,70.0,1.0
16614.0,1179.79,183.0,3.0
16615.0,264.5,626.0,1.0
16616.0,500.42,15.0,2.0
16617.0,151.85,236.0,1.0
16618.0,2630.64,31.0,5.0
16619.0,1916.53,264.0,4.0
16620.0,1758.93,4.0,6.0
16621.0,813.48,52.0,4.0
16622.0,205.6,544.0,1.0
16623.0,1002.49,246.0,4.0
16624.0,810.5699999999999,81.0,2.0
16625.0,1651.08,275.0,5.0
16626.0,4379.65,1.0,17.0
16627.0,322.8,79.0,1.0
16628.0,2313.09,30.0,7.0
16629.0,408.63,74.0,2.0
16630.0,104.30000000000001,407.0,1.0
16631.0,1867.02,482.0,7.0
16632.0,406.4,486.0,2.0
16633.0,2878.15,17.0,6.0
16634.0,1198.3,223.0,6.0
16635.0,473.0,407.0,1.0
16636.0,3802.04,438.0,4.0
16637.0,1124.59,32.0,4.0
16638.0,2375.88,23.0,15.0
16639.0,1659.85,31.0,4.0
16640.0,179.4,398.0,1.0
16641.0,554.5,106.0,2.0
16642.0,1051.46,5.0,3.0
16643.0,915.5600000000001,246.0,2.0
16644.0,833.78,178.0,2.0
16645.0,160.39,736.0,1.0
16646.0,675.05,449.0,1.0
16647.0,541.9,170.0,4.0
16648.0,653.0,43.0,3.0
16649.0,306.58000000000004,520.0,1.0
16650.0,1916.11,72.0,7.0
16651.0,136.2,587.0,1.0
16652.0,17312.83,59.0,16.0
16653.0,1166.92,16.0,2.0
16654.0,1477.77,141.0,8.0
16655.0,6388.16,18.0,13.0
16656.0,16307.72,22.0,30.0
16657.0,874.43,10.0,4.0
16658.0,573.48,368.0,6.0
16659.0,39.12,189.0,1.0
16660.0,1422.35,16.0,7.0
16661.0,788.3100000000001,540.0,4.0
16662.0,151.05,394.0,1.0
16663.0,165.0,729.0,1.0
16664.0,109.2,569.0,1.0
16665.0,135.39999999999998,362.0,1.0
16666.0,217.71,19.0,2.0
16667.0,567.1800000000001,68.0,2.0
16668.0,862.42,15.0,13.0
16669.0,200.15,24.0,3.0
16670.0,7786.66,17.0,20.0
16671.0,1692.27,28.0,3.0
16672.0,8093.59,2.0,20.0
16673.0,171.13,679.0,1.0
16674.0,304.24,55.0,2.0
16675.0,608.86,442.0,2.0
16676.0,2328.5,34.0,6.0
16677.0,849.77,411.0,2.0
16678.0,3013.83,3.0,12.0
16679.0,663.31,366.0,3.0
16680.0,821.45,43.0,3.0
16681.0,1921.84,73.0,7.0
16682.0,1028.0,5.0,5.0
16683.0,309.35,534.0,1.0
16684.0,141502.25,4.0,55.0
16685.0,324.24,61.0,2.0
16686.0,4861.72,47.0,16.0
16687.0,157.63,391.0,1.0
16688.0,1260.86,1.0,4.0
16689.0,303.26,76.0,2.0
16690.0,336.08,72.0,4.0
16691.0,178.83,418.0,2.0
16692.0,1914.6999999999998,256.0,4.0
16693.0,1179.48,69.0,5.0
16694.0,98.30000000000001,723.0,1.0
16695.0,191.9,562.0,2.0
16696.0,657.9000000000001,135.0,4.0
16697.0,112.75,241.0,1.0
16698.0,1998.0,227.0,2.0
16699.0,964.9,380.0,7.0
16700.0,8747.12,9.0,25.0
16701.0,9614.59,9.0,26.0
16702.0,1100.8799999999999,415.0,4.0
16704.0,664.16,618.0,2.0
16705.0,42653.141,1.0,42.0
16706.0,531.35,37.0,3.0
16707.0,533.41,400.0,4.0
16708.0,656.63,46.0,1.0
16709.0,9056.01,85.0,14.0
16710.0,5908.6,19.0,22.0
16711.0,2751.48,3.0,9.0
16712.0,4232.87,9.0,13.0
16713.0,13943.36,19.0,32.0
16714.0,1222.24,219.0,4.0
16715.0,625.52,78.0,2.0
16716.0,1568.2800000000002,267.0,3.0
16717.0,5987.41,24.0,14.0
16718.0,3006.08,369.0,5.0
16719.0,3368.87,15.0,14.0
16720.0,556.6899999999999,26.0,3.0
16721.0,292.47,262.0,1.0
16722.0,8168.31,17.0,22.0
16723.0,1231.36,91.0,4.0
16724.0,147.35,405.0,1.0
16725.0,1676.86,302.0,14.0
16726.0,2063.88,26.0,7.0
16727.0,1377.77,364.0,4.0
16728.0,1048.28,46.0,4.0
16729.0,7041.69,38.0,21.0
16730.0,702.79,52.0,3.0
16731.0,170.3,648.0,1.0
16732.0,3966.79,32.0,4.0
16733.0,259.68,530.0,1.0
16734.0,646.76,52.0,3.0
16735.0,5578.86,79.0,14.0
16736.0,2904.51,506.0,5.0
16737.0,835.1999999999999,53.0,2.0
16738.0,3.75,298.0,1.0
16739.0,772.23,177.0,2.0
16740.0,226.91,395.0,1.0
16741.0,173.06,625.0,1.0
16742.0,2334.97,47.0,14.0
16743.0,4165.9,29.0,14.0
16744.0,1291.91,11.0,7.0
16745.0,7157.1,87.0,17.0
16746.0,18012.2,5.0,42.0
16747.0,826.96,38.0,2.0
16748.0,3632.29,18.0,14.0
16749.0,4157.88,591.0,2.0
16750.0,623.93,45.0,5.0
16751.0,1764.72,31.0,1.0
16752.0,207.5,373.0,1.0
16753.0,223.92000000000002,58.0,1.0
16754.0,54558.18,372.0,29.0
16755.0,2846.13,114.0,7.0
16756.0,1287.42,215.0,7.0
16757.0,270.48,319.0,2.0
16758.0,369.34000000000003,65.0,1.0
16759.0,772.84,8.0,3.0
16760.0,228.0,430.0,1.0
16761.0,316.62,97.0,1.0
16762.0,1207.24,20.0,3.0
16763.0,947.75,199.0,2.0
16764.0,2749.9500000000003,4.0,13.0
16765.0,454.75,294.0,2.0
16766.0,1145.6,273.0,2.0
16767.0,7954.76,31.0,15.0
16768.0,1637.52,48.0,9.0
16769.0,1117.05,260.0,4.0
16770.0,1746.83,58.0,9.0
16771.0,3949.6,33.0,10.0
16772.0,2760.1,423.0,3.0
16773.0,421.24,57.0,3.0
16774.0,1560.8799999999999,68.0,8.0
16775.0,2739.2400000000002,10.0,16.0
16776.0,592.51,60.0,2.0
16777.0,1261.43,80.0,5.0
16778.0,245.94,74.0,2.0
16779.0,32522.4,2.0,53.0
16780.0,596.4,100.0,3.0
16781.0,606.4,372.0,2.0
16782.0,9552.62,10.0,38.0
16783.0,391.95,437.0,1.0
16784.0,892.33,20.0,5.0
16785.0,533.78,410.0,1.0
16786.0,51.839999999999996,394.0,1.0
16787.0,1017.53,398.0,4.0
16788.0,1928.93,123.0,5.0
16789.0,80.8,8.0,1.0
16790.0,1520.1200000000001,4.0,6.0
16791.0,3865.06,29.0,15.0
16792.0,623.46,282.0,5.0
16793.0,243.84,57.0,1.0
16794.0,2031.5,1.0,15.0
16795.0,2035.21,365.0,3.0
16796.0,305.62,89.0,1.0
16797.0,1761.02,393.0,5.0
16798.0,830.01,554.0,3.0
16799.0,447.83,432.0,2.0
16800.0,1162.65,11.0,1.0
16801.0,842.33,163.0,4.0
16802.0,582.61,679.0,2.0
16803.0,332.3,65.0,1.0
16804.0,536.99,23.0,3.0
16805.0,1091.34,174.0,5.0
16806.0,762.16,103.0,4.0
16807.0,2064.88,143.0,6.0
16808.0,288.42,99.0,2.0
16809.0,1725.48,23.0,9.0
16810.0,786.14,192.0,2.0
16811.0,547.07,5.0,2.0
16812.0,2216.8,361.0,4.0
16813.0,1652.18,8.0,10.0
16814.0,11916.35,14.0,36.0
16815.0,406.02,454.0,2.0
16816.0,417.06,103.0,4.0
16817.0,2392.85,3.0,13.0
16818.0,3317.97,11.0,11.0
16819.0,182.59,465.0,2.0
16820.0,497.61,96.0,1.0
16821.0,113.35,382.0,1.0
16822.0,144.84,686.0,1.0
16823.0,2236.14,227.0,7.0
16824.0,686.24,16.0,3.0
16825.0,1826.89,39.0,5.0
16826.0,341.7,51.0,1.0
16827.0,392.13,393.0,5.0
16828.0,128.5,93.0,2.0
16829.0,513.32,157.0,2.0
16830.0,1183.7,39.0,4.0
16831.0,91.8,565.0,1.0
16832.0,417.61,184.0,5.0
16833.0,2409.04,1.0,6.0
16834.0,898.96,228.0,2.0
16835.0,1389.76,128.0,6.0
16836.0,782.37,40.0,4.0
16837.0,3167.73,31.0,11.0
16838.0,1126.66,197.0,4.0
16839.0,20416.03,9.0,44.0
16840.0,126.71000000000001,603.0,2.0
16841.0,3841.16,37.0,12.0
16842.0,1260.44,101.0,3.0
16843.0,19528.78,43.0,35.0
16844.0,614.34,563.0,2.0
16845.0,253.88,618.0,1.0
16846.0,842.41,50.0,3.0
16847.0,614.89,43.0,2.0
16848.0,1411.62,53.0,4.0
16849.0,124.57,187.0,1.0
16850.0,332.41,334.0,1.0
16851.0,342.45,4.0,3.0
16852.0,144.91000000000003,10.0,2.0
16854.0,1408.96,417.0,2.0
16855.0,328.4,24.0,2.0
16856.0,358.49,15.0,3.0
16857.0,352.8,443.0,1.0
16858.0,4085.7400000000002,369.0,10.0
16859.0,1657.74,145.0,7.0
16860.0,1593.67,453.0,3.0
16861.0,924.48,60.0,5.0
16862.0,662.33,547.0,4.0
16863.0,812.82,31.0,3.0
16864.0,409.25,434.0,2.0
16865.0,130.95,402.0,1.0
16866.0,207.73999999999998,141.0,3.0
16867.0,76.74000000000001,690.0,1.0
16868.0,384.56,394.0,3.0
16869.0,797.3199999999999,23.0,4.0
16870.0,450.15999999999997,469.0,1.0
16871.0,2761.4900000000002,22.0,6.0
16872.0,1213.13,77.0,6.0
16873.0,14547.03,5.0,12.0
16874.0,209.89000000000001,379.0,1.0
16875.0,4053.2,67.0,11.0
16876.0,136.01,404.0,1.0
16877.0,846.62,12.0,6.0
16878.0,0.0,84.0,1.0
16880.0,1813.21,31.0,8.0
16881.0,432.0,67.0,1.0
16882.0,705.12,67.0,3.0
16883.0,2236.11,187.0,19.0
16884.0,1070.97,38.0,4.0
16885.0,684.6,15.0,4.0
16886.0,0.0,456.0,1.0
16887.0,658.17,35.0,3.0
16888.0,434.2,401.0,3.0
16889.0,2526.65,195.0,6.0
16890.0,285.41,477.0,3.0
16891.0,1727.94,2.0,11.0
16892.0,726.05,1.0,7.0
16893.0,249.89000000000001,367.0,2.0
16894.0,1265.26,502.0,3.0
16895.0,1102.9,65.0,5.0
16896.0,103.95,555.0,1.0
16897.0,213.03,299.0,2.0
16898.0,820.86,26.0,5.0
16899.0,1695.77,8.0,8.0
16900.0,187.6900000000001,17.0,3.0
16901.0,204.26,729.0,1.0
16902.0,1706.88,116.0,1.0
16903.0,1009.45,29.0,3.0
16904.0,4675.36,4.0,21.0
16905.0,4677.12,5.0,17.0
16906.0,1410.92,82.0,7.0
16907.0,1470.89,29.0,9.0
16908.0,153.59,722.0,1.0
16909.0,364.14,72.0,1.0
16910.0,1508.96,4.0,8.0
16911.0,251.35,636.0,2.0
16912.0,4413.8,29.0,15.0
16913.0,423.90999999999997,290.0,3.0
16914.0,183.76,36.0,1.0
16915.0,1543.18,9.0,11.0
16916.0,902.02,24.0,4.0
16917.0,1842.93,277.0,2.0
16918.0,3131.31,50.0,16.0
16919.0,4837.56,156.0,24.0
16920.0,355.45,411.0,1.0
16921.0,409.21,61.0,3.0
16922.0,611.08,573.0,1.0
16923.0,12572.15,12.0,32.0
16924.0,722.64,21.0,3.0
16925.0,125.65,540.0,1.0
16926.0,1158.66,371.0,5.0
16927.0,543.05,116.0,3.0
16928.0,3777.88,80.0,29.0
16929.0,1295.39,4.0,7.0
16930.0,378.89,26.0,3.0
16931.0,5032.22,5.0,23.0
16932.0,412.55,53.0,3.0
16933.0,3017.65,1.0,9.0
16934.0,2062.89,55.0,6.0
16935.0,530.86,382.0,3.0
16936.0,548.29,26.0,2.0
16937.0,196.25,499.0,1.0
16938.0,6162.110000000001,9.0,9.0
16939.0,433.85,489.0,3.0
16940.0,6245.41,52.0,8.0
16941.0,33.0,612.0,1.0
16942.0,1878.51,13.0,9.0
16943.0,816.73,212.0,5.0
16944.0,101.36,610.0,1.0
16945.0,8530.66,22.0,33.0
16946.0,1199.54,383.0,5.0
16947.0,896.73,236.0,5.0
16948.0,868.77,139.0,7.0
16949.0,1161.27,4.0,6.0
16950.0,3482.59,57.0,10.0
16951.0,1262.75,135.0,3.0
16952.0,795.83,109.0,5.0
16953.0,20.8,30.0,1.0
16954.0,6037.33,1.0,20.0
16955.0,1072.06,185.0,6.0
16956.0,292.34,18.0,1.0
16957.0,416.64,239.0,2.0
16958.0,778.49,435.0,1.0
16959.0,117.35000000000001,87.0,1.0
16960.0,1969.43,39.0,8.0
16961.0,773.01,116.0,3.0
16962.0,251.04,410.0,1.0
16963.0,110.55000000000001,187.0,1.0
16964.0,207.85,733.0,2.0
16965.0,201.19,227.0,1.0
16966.0,2148.47,8.0,7.0
16967.0,319.02,189.0,1.0
16968.0,439.43,4.0,2.0
16969.0,650.41,39.0,3.0
16970.0,71.4,626.0,1.0
16971.0,232.20999999999998,38.0,1.0
16972.0,749.0,383.0,2.0
16973.0,127.0,386.0,1.0
16974.0,365.5,523.0,2.0
16975.0,902.4200000000001,423.0,3.0
16976.0,251.51999999999998,267.0,1.0
16977.0,496.0,395.0,4.0
16978.0,768.88,78.0,3.0
16979.0,2787.09,4.0,9.0
16980.0,1422.8300000000002,255.0,3.0
16982.0,384.06,61.0,1.0
16983.0,3479.48,13.0,11.0
16984.0,10195.15,88.0,9.0
16985.0,10545.76,17.0,23.0
16986.0,4888.75,30.0,11.0
16987.0,2509.5,3.0,11.0
16988.0,382.67,5.0,2.0
16989.0,1133.25,7.0,6.0
16990.0,344.0,219.0,2.0
16991.0,1041.21,421.0,1.0
16992.0,5460.1,11.0,13.0
16993.0,1688.15,464.0,2.0
16996.0,2044.16,30.0,9.0
16997.0,702.0,288.0,3.0
16998.0,394.02000000000004,150.0,5.0
16999.0,484.82,23.0,2.0
17000.0,406.3,396.0,2.0
17001.0,6640.8,1.0,19.0
17002.0,2565.6,86.0,7.0
17003.0,828.21,402.0,4.0
17004.0,2324.36,46.0,4.0
17005.0,612.41,471.0,2.0
17006.0,1635.27,5.0,8.0
17007.0,1107.6,51.0,7.0
17008.0,81.36,429.0,1.0
17009.0,242.06,551.0,1.0
17010.0,185.46,18.0,1.0
17011.0,536.7,30.0,3.0
17012.0,360.61,725.0,1.0
17014.0,562.6800000000001,8.0,3.0
17015.0,1838.6100000000001,29.0,3.0
17016.0,552.4,577.0,1.0
17017.0,6553.79,3.0,29.0
17018.0,2287.7,41.0,6.0
17019.0,3541.59,11.0,11.0
17020.0,935.62,542.0,2.0
17021.0,1182.22,442.0,6.0
17022.0,260.0,31.0,2.0
17023.0,800.18,417.0,3.0
17024.0,95.85,45.0,3.0
17025.0,1349.67,61.0,5.0
17026.0,175.82999999999998,185.0,3.0
17027.0,1268.93,79.0,9.0
17028.0,1593.83,581.0,3.0
17029.0,2137.3,111.0,7.0
17030.0,146.87,64.0,1.0
17031.0,2773.85,12.0,6.0
17032.0,2129.78,548.0,8.0
17033.0,1332.79,86.0,4.0
17034.0,1231.82,16.0,5.0
17035.0,568.39,246.0,4.0
17036.0,176.9,383.0,1.0
17037.0,1253.22,88.0,1.0
17038.0,743.17,30.0,2.0
17039.0,1954.99,604.0,1.0
17040.0,463.25,138.0,2.0
17041.0,1639.4,27.0,6.0
17042.0,1036.58,3.0,5.0
17043.0,2593.65,32.0,8.0
17044.0,11867.6,25.0,12.0
17045.0,827.6800000000001,113.0,5.0
17046.0,1906.07,157.0,5.0
17047.0,2289.23,85.0,6.0
17048.0,1991.45,118.0,7.0
17049.0,9588.83,3.0,19.0
17050.0,4348.46,96.0,11.0
17051.0,706.49,194.0,4.0
17052.0,399.09,28.0,1.0
17053.0,496.38,131.0,1.0
17054.0,1353.83,28.0,5.0
17055.0,232.85,446.0,1.0
17056.0,128.60000000000002,738.0,1.0
17057.0,294.74,596.0,1.0
17058.0,1179.89,82.0,3.0
17059.0,4846.87,30.0,9.0
17060.0,234.24,266.0,1.0
17061.0,5116.13,74.0,11.0
17062.0,885.85,314.0,6.0
17063.0,3576.88,21.0,13.0
17064.0,855.45,59.0,3.0
17065.0,82.35,638.0,2.0
17066.0,228.34,726.0,1.0
17067.0,454.54,725.0,3.0
17068.0,8953.03,12.0,47.0
17069.0,5441.35,28.0,14.0
17070.0,437.42,114.0,2.0
17071.0,3730.96,28.0,13.0
17072.0,273.35,625.0,1.0
17073.0,1446.09,18.0,4.0
17074.0,203.05,563.0,1.0
17075.0,2216.28,18.0,10.0
17076.0,1242.75,36.0,6.0
17077.0,306.0,578.0,1.0
17078.0,378.2,36.0,2.0
17079.0,118.80000000000001,78.0,1.0
17080.0,955.41,22.0,7.0
17081.0,949.39,25.0,6.0
17082.0,4732.03,33.0,6.0
17083.0,4035.08,109.0,9.0
17084.0,4997.96,35.0,3.0
17085.0,7713.67,123.0,28.0
17086.0,2050.08,7.0,6.0
17087.0,221.53,738.0,1.0
17088.0,1991.01,28.0,4.0
17089.0,128.45,386.0,1.0
17090.0,2986.64,4.0,13.0
17091.0,7462.150000000001,3.0,19.0
17092.0,5479.76,50.0,11.0
17093.0,235.88,593.0,1.0
17094.0,370.40000000000003,322.0,2.0
17095.0,2312.59,23.0,7.0
17096.0,3629.58,15.0,11.0
17097.0,1126.86,2.0,9.0
17098.0,591.0699999999999,382.0,3.0
17099.0,582.17,533.0,1.0
17100.0,971.74,18.0,2.0
17101.0,2507.05,10.0,7.0
17102.0,25.5,262.0,1.0
17103.0,424.3,722.0,1.0
17104.0,474.03,424.0,1.0
17105.0,665.78,159.0,2.0
17106.0,481.58,389.0,1.0
17107.0,15595.37,33.0,10.0
17108.0,174.95,664.0,1.0
17109.0,1276.35,29.0,8.0
17110.0,499.9,165.0,3.0
17111.0,459.58,47.0,2.0
17112.0,197.57,503.0,1.0
17113.0,2092.16,574.0,6.0
17114.0,739.72,6.0,8.0
17115.0,2616.29,8.0,7.0
17116.0,389.78,648.0,1.0
17117.0,116.19999999999999,288.0,1.0
17118.0,157.02,318.0,1.0
17119.0,593.61,3.0,2.0
17120.0,307.46,233.0,1.0
17121.0,314.74,403.0,1.0
17122.0,570.5,119.0,4.0
17123.0,977.17,162.0,3.0
17124.0,294.24,185.0,1.0
17125.0,230.5,50.0,1.0
17126.0,2003.53,152.0,9.0
17127.0,1155.0300000000002,429.0,5.0
17128.0,157.09,335.0,1.0
17129.0,31.85,520.0,1.0
17131.0,2463.17,5.0,5.0
17132.0,1220.9099999999999,452.0,2.0
17133.0,12972.09,16.0,12.0
17134.0,625.3,107.0,3.0
17135.0,1711.26,16.0,10.0
17136.0,231.68,662.0,1.0
17137.0,1099.81,416.0,6.0
17138.0,4417.27,276.0,7.0
17139.0,19473.91,16.0,25.0
17140.0,454.12,247.0,1.0
17141.0,727.58,418.0,4.0
17142.0,1275.25,239.0,4.0
17143.0,880.97,417.0,2.0
17144.0,984.57,1.0,2.0
17145.0,3014.64,513.0,4.0
17146.0,5788.39,106.0,13.0
17147.0,3069.15,23.0,9.0
17148.0,124.88,52.0,1.0
17149.0,143.10000000000002,451.0,1.0
17150.0,1357.95,377.0,6.0
17151.0,231.90000000000003,735.0,1.0
17152.0,1830.5,195.0,4.0
17153.0,213.78,24.0,1.0
17154.0,329.34,75.0,1.0
17155.0,892.46,18.0,7.0
17156.0,572.07,492.0,1.0
17157.0,5139.45,8.0,19.0
17158.0,1962.3,32.0,5.0
17159.0,2095.44,22.0,5.0
17160.0,10201.36,31.0,17.0
17161.0,856.01,444.0,1.0
17162.0,1707.21,29.0,10.0
17163.0,699.78,22.0,4.0
17164.0,2466.4,33.0,7.0
17165.0,1783.63,284.0,6.0
17166.0,189.49,39.0,2.0
17167.0,867.11,380.0,3.0
17168.0,400.2,499.0,1.0
17169.0,1129.8799999999999,58.0,3.0
17170.0,118.98,374.0,2.0
17171.0,384.59,289.0,2.0
17172.0,910.99,79.0,3.0
17173.0,3755.65,5.0,8.0
17174.0,59.9,218.0,1.0
17175.0,1430.94,44.0,4.0
17176.0,902.3199999999999,202.0,3.0
17177.0,119.5,505.0,1.0
17178.0,432.96,731.0,1.0
17179.0,1507.26,178.0,6.0
17180.0,2216.12,56.0,11.0
17181.0,309.85,57.0,3.0
17182.0,321.3,423.0,2.0
17183.0,3286.9100000000003,8.0,6.0
17184.0,198.41000000000003,569.0,2.0
17185.0,229.46,592.0,3.0
17186.0,144.0,47.0,2.0
17187.0,467.71,227.0,2.0
17188.0,4361.83,11.0,13.0
17189.0,953.63,106.0,5.0
17190.0,1531.57,59.0,7.0
17191.0,4284.84,28.0,15.0
17192.0,75.28,536.0,1.0
17193.0,2254.6,36.0,9.0
17194.0,812.5,274.0,3.0
17195.0,562.98,655.0,1.0
17196.0,327.75,428.0,1.0
17197.0,1013.01,30.0,1.0
17198.0,692.22,24.0,3.0
17199.0,135.04000000000002,582.0,1.0
17200.0,356.71,387.0,4.0
17201.0,1127.5,54.0,4.0
17202.0,160.65,421.0,1.0
17203.0,5564.09,36.0,10.0
17204.0,5263.69,175.0,9.0
17205.0,999.35,54.0,3.0
17206.0,204.24,53.0,1.0
17207.0,292.62,652.0,1.0
17208.0,111.15,396.0,1.0
17209.0,595.7,649.0,3.0
17210.0,251.72,393.0,1.0
17211.0,3728.8,27.0,13.0
17212.0,794.41,253.0,3.0
17213.0,4766.03,40.0,13.0
17214.0,974.12,60.0,6.0
17215.0,186.15,464.0,1.0
17216.0,63.6,554.0,1.0
17217.0,210.1,234.0,2.0
17218.0,3891.39,4.0,18.0
17219.0,259.13,32.0,2.0
17220.0,4457.31,24.0,21.0
17221.0,976.62,7.0,5.0
17222.0,1579.51,65.0,6.0
17223.0,558.04,310.0,3.0
17224.0,100.86,501.0,1.0
17225.0,131.15,582.0,1.0
17226.0,895.47,309.0,3.0
17227.0,1878.93,19.0,12.0
17228.0,2820.03,16.0,13.0
17229.0,318.76,96.0,2.0
17230.0,9159.45,264.0,18.0
17231.0,6958.83,12.0,25.0
17232.0,417.77,3.0,2.0
17233.0,560.86,35.0,3.0
17234.0,149.89000000000001,183.0,1.0
17235.0,1562.98,25.0,8.0
17236.0,1929.26,13.0,12.0
17237.0,994.13,11.0,4.0
17238.0,7331.67,3.0,32.0
17239.0,1174.15,313.0,4.0
17240.0,130.6,596.0,1.0
17241.0,2736.64,385.0,12.0
17242.0,2889.28,108.0,5.0
17243.0,20022.93,1.0,69.0
17244.0,1826.04,53.0,5.0
17245.0,371.63,205.0,2.0
17246.0,38.92,547.0,2.0
17247.0,280.09000000000003,15.0,1.0
17248.0,500.54,120.0,2.0
17249.0,68.03,429.0,1.0
17250.0,381.97,4.0,2.0
17251.0,790.28,363.0,3.0
17252.0,348.91,117.0,2.0
17253.0,178.26,18.0,1.0
17254.0,469.48,5.0,3.0
17255.0,781.7,41.0,4.0
17256.0,498.93,107.0,5.0
17257.0,189.78,436.0,2.0
17258.0,417.3,397.0,2.0
17259.0,1452.39,148.0,6.0
17260.0,120.95,411.0,1.0
17261.0,221.59,510.0,1.0
17262.0,2488.76,52.0,11.0
17263.0,63.440000000000005,208.0,1.0
17264.0,268.28,424.0,1.0
17265.0,550.01,139.0,2.0
17266.0,501.71999999999997,2.0,5.0
17267.0,317.2,127.0,2.0
17268.0,1733.8899999999999,108.0,11.0
17269.0,491.81,386.0,1.0
17270.0,601.4499999999999,469.0,2.0
17271.0,204.3,736.0,1.0
17272.0,2144.53,42.0,4.0
17273.0,141.12,424.0,1.0
17274.0,573.22,35.0,2.0
17275.0,114.1,383.0,1.0
17276.0,445.44,402.0,1.0
17277.0,1065.3500000000001,228.0,2.0
17278.0,271.24,241.0,2.0
17279.0,187.82999999999998,58.0,1.0
17280.0,118.85999999999999,438.0,1.0
17281.0,797.8499999999999,374.0,6.0
17282.0,2308.54,130.0,5.0
17283.0,188.46,379.0,1.0
17284.0,2323.12,60.0,8.0
17285.0,407.94,628.0,2.0
17286.0,389.18,22.0,3.0
17287.0,3810.61,26.0,21.0
17288.0,2468.43,9.0,11.0
17289.0,2032.3,32.0,9.0
17290.0,1487.96,4.0,8.0
17291.0,550.8000000000001,308.0,1.0
17292.0,271.75,472.0,2.0
17293.0,3750.63,8.0,17.0
17294.0,467.78999999999996,669.0,2.0
17295.0,547.0,29.0,3.0
17296.0,338.13,730.0,1.0
17297.0,128.18,17.0,1.0
17298.0,949.22,101.0,5.0
17299.0,993.23,12.0,6.0
17300.0,393.64,391.0,2.0
17301.0,294.39,21.0,2.0
17302.0,1119.93,15.0,5.0
17303.0,250.04,361.0,1.0
17304.0,111.5,534.0,1.0
17305.0,2135.46,649.0,1.0
17306.0,9751.77,11.0,21.0
17307.0,3378.31,395.0,11.0
17308.0,4511.76,393.0,2.0
17309.0,320.39,95.0,3.0
17310.0,1025.1,387.0,2.0
17311.0,3490.66,78.0,6.0
17312.0,644.3,139.0,3.0
17313.0,2288.13,31.0,1.0
17314.0,4514.7,25.0,17.0
17315.0,9507.53,2.0,43.0
17316.0,124.45,420.0,1.0
17317.0,2524.02,46.0,3.0
17318.0,157.32999999999998,725.0,1.0
17319.0,29.1,669.0,1.0
17320.0,2444.85,100.0,6.0
17321.0,1665.21,8.0,6.0
17322.0,900.64,376.0,5.0
17323.0,1538.96,15.0,12.0
17324.0,2018.07,18.0,12.0
17325.0,609.5699999999999,280.0,3.0
17326.0,312.35,408.0,2.0
17327.0,152.35,410.0,2.0
17328.0,104.7,673.0,1.0
17329.0,998.53,14.0,5.0
17330.0,423.8,23.0,4.0
17331.0,175.2,124.0,1.0
17332.0,838.27,528.0,5.0
17333.0,494.25,86.0,1.0
17334.0,634.73,302.0,3.0
17335.0,497.04,384.0,2.0
17336.0,81.12,472.0,1.0
17337.0,1897.51,151.0,4.0
17338.0,11783.33,17.0,17.0
17339.0,243.36,94.0,3.0
17340.0,18891.89,30.0,18.0
17341.0,1272.21,157.0,5.0
17342.0,1155.8400000000001,380.0,4.0
17343.0,1259.94,355.0,6.0
17344.0,443.86,46.0,2.0
17345.0,1466.33,15.0,10.0
17346.0,4933.63,4.0,26.0
17347.0,228.96,86.0,1.0
17348.0,2442.29,15.0,9.0
17349.0,772.41,179.0,5.0
17350.0,1863.821,8.0,7.0
17351.0,1988.23,36.0,12.0
17352.0,36.25,696.0,1.0
17353.0,3155.55,129.0,4.0
17354.0,3133.96,51.0,4.0
17355.0,273.31,386.0,1.0
17356.0,946.47,312.0,5.0
17357.0,384.39,24.0,2.0
17358.0,861.01,303.0,5.0
17359.0,284.46,11.0,2.0
17360.0,1170.56,17.0,6.0
17361.0,871.79,49.0,5.0
17362.0,1010.54,239.0,7.0
17363.0,920.46,395.0,3.0
17364.0,11587.05,1.0,28.0
17365.0,8165.34,13.0,15.0
17366.0,1075.59,432.0,2.0
17367.0,167.55,238.0,1.0
17368.0,2145.39,23.0,14.0
17369.0,979.1999999999999,456.0,1.0
17370.0,446.18,73.0,4.0
17371.0,655.37,17.0,6.0
17372.0,4295.18,41.0,28.0
17373.0,1167.5,40.0,7.0
17374.0,711.21,219.0,3.0
17375.0,632.95,199.0,4.0
17376.0,453.64,71.0,4.0
17377.0,17176.27,24.0,78.0
17378.0,0.0,374.0,1.0
17379.0,389.71999999999997,11.0,1.0
17380.0,643.75,434.0,3.0
17381.0,36395.47,9.0,38.0
17382.0,902.28,65.0,8.0
17383.0,304.09,4.0,2.0
17384.0,507.55,19.0,3.0
17385.0,256.11,15.0,1.0
17386.0,2812.77,8.0,7.0
17387.0,746.81,20.0,2.0
17388.0,2675.37,78.0,11.0
17389.0,54577.68,1.0,61.0
17390.0,149.3,421.0,1.0
17391.0,508.8,164.0,2.0
17392.0,585.92,307.0,3.0
17393.0,381.15,411.0,2.0
17394.0,203.86999999999998,219.0,1.0
17395.0,97.5,508.0,1.0
17396.0,8177.1,39.0,14.0
17397.0,1198.28,22.0,3.0
17398.0,653.38,115.0,3.0
17400.0,4623.28,126.0,8.0
17401.0,114.85,541.0,1.0
17402.0,4601.41,5.0,23.0
17403.0,382.87,36.0,2.0
17404.0,46006.82,4.0,23.0
17405.0,967.22,1.0,3.0
17406.0,3874.0,333.0,13.0
17407.0,552.9,412.0,1.0
17408.0,164.89000000000001,163.0,3.0
17409.0,7793.51,185.0,10.0
17410.0,1214.72,16.0,5.0
17411.0,1316.53,12.0,5.0
17412.0,4187.68,3.0,16.0
17413.0,560.14,405.0,2.0
17414.0,2249.52,44.0,6.0
17415.0,507.84,80.0,1.0
17416.0,17221.47,30.0,22.0
17417.0,164.18,549.0,1.0
17418.0,670.0600000000001,42.0,3.0
17419.0,6100.65,11.0,18.0
17420.0,943.68,50.0,6.0
17421.0,1059.41,386.0,3.0
17422.0,3341.65,16.0,11.0
17423.0,1084.17,46.0,3.0
17425.0,759.17,19.0,2.0
17426.0,7606.37,8.0,13.0
17427.0,100.8,72.0,1.0
17428.0,30885.06,1.0,45.0
17429.0,1342.16,128.0,5.0
17430.0,622.57,33.0,4.0
17431.0,403.3,313.0,1.0
17432.0,1728.99,18.0,9.0
17433.0,569.96,88.0,2.0
17434.0,2333.42,2.0,7.0
17435.0,331.35,411.0,1.0
17436.0,521.31,2.0,5.0
17437.0,369.68,530.0,1.0
17438.0,1412.6200000000001,254.0,5.0
17439.0,325.74,656.0,1.0
17440.0,314.26,157.0,4.0
17441.0,293.35,732.0,1.0
17442.0,4517.7,37.0,15.0
17443.0,534.24,220.0,1.0
17444.0,2940.04,148.0,3.0
17446.0,120.9,177.0,2.0
17447.0,541.53,40.0,2.0
17448.0,10162.380000000001,497.0,46.0
17449.0,4852.15,2.0,13.0
17450.0,231390.55,8.0,51.0
17451.0,1648.95,1.0,7.0
17453.0,486.71999999999997,18.0,2.0
17454.0,1532.64,192.0,10.0
17455.0,131.7,204.0,1.0
17456.0,975.5600000000001,365.0,2.0
17457.0,5799.01,127.0,14.0
17458.0,529.58,15.0,2.0
17459.0,657.3,43.0,2.0
17460.0,1937.1000000000001,94.0,16.0
17461.0,735.82,23.0,3.0
17462.0,662.94,60.0,2.0
17463.0,2515.26,16.0,7.0
17464.0,816.54,158.0,3.0
17465.0,2533.64,426.0,7.0
17466.0,763.28,10.0,2.0
17467.0,102.6,395.0,1.0
17468.0,194.8,10.0,3.0
17469.0,4958.34,16.0,17.0
17470.0,2626.47,45.0,11.0
17471.0,321.65000000000003,475.0,1.0
17472.0,922.35,191.0,4.0
17473.0,592.15,409.0,2.0
17474.0,1047.0,600.0,1.0
17475.0,194.37,79.0,1.0
17476.0,446.51,396.0,2.0
17477.0,1079.0,613.0,2.0
17478.0,1272.8,408.0,2.0
17479.0,389.26000000000005,633.0,1.0
17480.0,876.92,78.0,2.0
17481.0,1249.34,4.0,4.0
17482.0,775.64,487.0,2.0
17483.0,591.73,65.0,4.0
17484.0,209.57,576.0,2.0
17486.0,396.87,261.0,1.0
17487.0,160.55,728.0,1.0
17488.0,336.5,641.0,1.0
17489.0,376.64,59.0,2.0
17490.0,2585.06,1.0,9.0
17491.0,5636.72,1.0,17.0
17492.0,1122.42,248.0,3.0
17493.0,100.91000000000001,385.0,1.0
17494.0,54.699999999999996,502.0,1.0
17495.0,759.07,8.0,3.0
17496.0,1385.89,359.0,4.0
17497.0,287.25,390.0,2.0
17498.0,272.22,76.0,1.0
17499.0,1296.84,290.0,2.0
17500.0,1138.0,17.0,3.0
17501.0,288.6,221.0,2.0
17502.0,689.1,9.0,4.0
17503.0,558.96,3.0,2.0
17504.0,9238.42,206.0,18.0
17505.0,2435.48,162.0,5.0
17506.0,294.29,76.0,1.0
17507.0,605.58,262.0,2.0
17508.0,4546.78,281.0,8.0
17509.0,6069.24,58.0,8.0
17510.0,514.56,25.0,2.0
17511.0,168491.62,3.0,60.0
17512.0,5432.27,29.0,18.0
17513.0,1158.8,72.0,3.0
17514.0,522.0,128.0,2.0
17515.0,1602.51,31.0,9.0
17516.0,947.5,15.0,6.0
17517.0,153.94,309.0,1.0
17518.0,329.42,426.0,2.0
17519.0,4767.5,17.0,15.0
17520.0,546.81,54.0,1.0
17521.0,1276.81,30.0,5.0
17522.0,1070.71,2.0,5.0
17523.0,652.74,11.0,4.0
17524.0,508.9,361.0,3.0
17525.0,1161.9,360.0,3.0
17526.0,3450.04,5.0,12.0
17527.0,888.86,54.0,4.0
17528.0,3540.1,1.0,8.0
17529.0,1240.25,610.0,2.0
17530.0,2790.74,1.0,12.0
17531.0,1191.22,190.0,3.0
17532.0,65.34,386.0,1.0
17533.0,34.8,435.0,1.0
17534.0,1668.83,54.0,5.0
17535.0,164.4,280.0,1.0
17536.0,364.83,177.0,3.0
17537.0,887.67,30.0,2.0
17538.0,98.42,26.0,1.0
17539.0,997.3399999999999,618.0,4.0
17540.0,1582.1000000000001,25.0,6.0
17541.0,119.86,510.0,1.0
17542.0,340.85,270.0,3.0
17543.0,120.05,550.0,1.0
17544.0,944.82,390.0,3.0
17545.0,1409.8600000000001,43.0,6.0
17547.0,692.35,376.0,2.0
17548.0,486.48,234.0,4.0
17549.0,148.86,24.0,2.0
17550.0,2165.54,197.0,9.0
17551.0,290.34,359.0,1.0
17552.0,2740.68,60.0,12.0
17553.0,3757.6,130.0,4.0
17554.0,1952.45,1.0,5.0
17555.0,1045.74,20.0,5.0
17556.0,300.67,206.0,2.0
17557.0,575.46,14.0,4.0
17558.0,259.17,393.0,1.0
17559.0,167.62,513.0,1.0
17560.0,1895.8,95.0,9.0
17561.0,703.02,19.0,4.0
17562.0,1107.38,14.0,7.0
17563.0,309.28000000000003,578.0,2.0
17564.0,454.01,24.0,3.0
17565.0,131.83,587.0,1.0
17566.0,869.77,8.0,2.0
17567.0,4519.16,7.0,9.0
17568.0,374.45,633.0,1.0
17569.0,344.14,332.0,1.0
17570.0,0.0,382.0,1.0
17571.0,1630.91,50.0,5.0
17572.0,652.21,71.0,10.0
17573.0,362.9,29.0,3.0
17574.0,185.65,243.0,1.0
17575.0,171.7,667.0,1.0
17576.0,8540.8,8.0,41.0
17577.0,348.75,645.0,2.0
17578.0,1003.73,218.0,7.0
17579.0,744.58,5.0,4.0
17580.0,541.02,253.0,5.0
17581.0,17440.89,1.0,43.0
17582.0,1429.95,236.0,5.0
17583.0,135.95,560.0,1.0
17584.0,5294.42,7.0,6.0
17585.0,2064.71,109.0,7.0
17586.0,167.4,619.0,1.0
17587.0,176.71,628.0,1.0
17588.0,2901.65,100.0,7.0
17589.0,13692.89,60.0,18.0
17590.0,1468.02,2.0,3.0
17591.0,2328.37,73.0,8.0
17592.0,0.0,739.0,1.0
17593.0,8040.52,4.0,11.0
17594.0,2497.88,85.0,4.0
17595.0,386.69,12.0,2.0
17596.0,4478.11,23.0,13.0
17597.0,3425.29,214.0,5.0
17598.0,409.98,381.0,1.0
17599.0,44.55,478.0,1.0
17600.0,161.67000000000002,18.0,1.0
17601.0,413.08,239.0,2.0
17602.0,7240.73,2.0,14.0
17603.0,114.91,78.0,4.0
17604.0,942.38,217.0,6.0
17605.0,160.75,590.0,1.0
17606.0,87.30000000000001,737.0,1.0
17607.0,333.81,376.0,1.0
17608.0,488.06,33.0,4.0
17609.0,1752.55,41.0,11.0
17610.0,1410.29,540.0,5.0
17611.0,8170.93,7.0,28.0
17612.0,5156.14,53.0,18.0
17613.0,4494.77,23.0,14.0
17614.0,386.32,57.0,1.0
17615.0,714.3,130.0,6.0
17616.0,734.4,174.0,4.0
17617.0,227.14000000000001,559.0,1.0
17618.0,3976.34,6.0,11.0
17619.0,214.37,312.0,1.0
17620.0,81.44,60.0,1.0
17621.0,3029.32,21.0,6.0
17622.0,1125.17,598.0,2.0
17623.0,2365.77,33.0,7.0
17624.0,1568.63,15.0,4.0
17625.0,5978.9,18.0,8.0
17626.0,254.0,603.0,1.0
17627.0,285.11,479.0,1.0
17628.0,75.75,81.0,1.0
17629.0,2425.52,6.0,10.0
17630.0,503.59999999999997,170.0,2.0
17631.0,998.49,2.0,7.0
17633.0,1974.89,31.0,7.0
17634.0,2358.59,36.0,9.0
17635.0,1256.83,424.0,3.0
17636.0,265.93,19.0,1.0
17637.0,547.0600000000001,31.0,2.0
17638.0,842.4,647.0,2.0
17639.0,615.17,276.0,6.0
17640.0,3107.59,87.0,6.0
17642.0,1824.49,120.0,5.0
17643.0,439.7,373.0,2.0
17644.0,5864.54,1.0,20.0
17646.0,3843.1600000000003,219.0,12.0
17647.0,331.65999999999997,65.0,3.0
17648.0,2208.42,61.0,5.0
17649.0,1542.44,138.0,3.0
17650.0,166.08,21.0,1.0
17651.0,5632.59,12.0,16.0
17652.0,4737.13,25.0,12.0
17653.0,1175.88,37.0,4.0
17654.0,117.55,277.0,1.0
17655.0,2909.1800000000003,11.0,9.0
17656.0,1674.69,73.0,5.0
17657.0,126.0,430.0,1.0
17658.0,485.88,26.0,2.0
17659.0,3536.33,17.0,14.0
17660.0,342.22,141.0,2.0
17662.0,412.92,662.0,2.0
17663.0,5081.04,26.0,17.0
17664.0,1166.23,19.0,4.0
17665.0,563.1,493.0,1.0
17666.0,2047.8,4.0,5.0
17667.0,3883.8,66.0,9.0
17668.0,347.75,1.0,2.0
17669.0,6142.35,43.0,10.0
17670.0,205.7,228.0,1.0
17671.0,1720.53,16.0,5.0
17672.0,5707.08,50.0,7.0
17673.0,4156.63,2.0,13.0
17674.0,551.04,74.0,2.0
17675.0,37064.32,1.0,70.0
17676.0,2405.32,4.0,10.0
17677.0,34232.18,2.0,54.0
17678.0,579.81,264.0,2.0
17679.0,3166.56,53.0,7.0
17680.0,462.5,24.0,3.0
17681.0,529.6,597.0,5.0
17682.0,4050.28,10.0,11.0
17683.0,819.01,386.0,3.0
17684.0,239.41,44.0,1.0
17685.0,5439.95,17.0,12.0
17686.0,8296.81,7.0,9.0
17687.0,432.68,421.0,1.0
17688.0,286.5,394.0,1.0
17689.0,317.08,388.0,2.0
17690.0,6954.3,30.0,20.0
17691.0,627.35,358.0,4.0
17692.0,2962.4,127.0,12.0
17693.0,187.02,137.0,1.0
17694.0,1695.97,142.0,3.0
17695.0,1720.54,132.0,5.0
17696.0,7380.89,38.0,27.0
17697.0,338.95,236.0,1.0
17698.0,154.95,261.0,1.0
17699.0,442.0,477.0,2.0
17700.0,6640.72,17.0,14.0
17701.0,417.95,253.0,1.0
17702.0,2999.94,30.0,6.0
17703.0,1094.84,35.0,4.0
17704.0,885.19,169.0,2.0
17705.0,2041.5,3.0,11.0
17706.0,19066.07,4.0,31.0
17707.0,605.0500000000001,185.0,8.0
17708.0,884.1800000000001,188.0,4.0
17709.0,671.01,170.0,5.0
17710.0,293.5,424.0,1.0
17711.0,385.1,11.0,2.0
17712.0,522.91,45.0,1.0
17713.0,1198.09,382.0,4.0
17714.0,1376.58,321.0,5.0
17715.0,489.59999999999997,201.0,2.0
17716.0,15671.32,23.0,24.0
17717.0,376.92,421.0,1.0
17718.0,386.98,232.0,2.0
17719.0,5367.8,38.0,15.0
17720.0,2613.06,26.0,10.0
17721.0,307.21000000000004,659.0,1.0
17722.0,3476.82,96.0,5.0
17723.0,3378.4000000000005,127.0,7.0
17724.0,995.6500000000001,71.0,3.0
17725.0,3371.13,16.0,11.0
17726.0,1089.56,395.0,7.0
17727.0,1042.55,15.0,1.0
17728.0,3861.13,4.0,5.0
17729.0,438.65000000000003,596.0,1.0
17730.0,7757.35,3.0,20.0
17731.0,1347.08,79.0,6.0
17732.0,2144.17,373.0,8.0
17733.0,692.19,39.0,2.0
17734.0,1442.32,54.0,6.0
17735.0,16707.98,2.0,26.0
17736.0,337.49,9.0,3.0
17737.0,168.24,9.0,2.0
17738.0,4145.36,19.0,13.0
17739.0,7718.14,12.0,18.0
17740.0,426.9,389.0,6.0
17741.0,101.1,407.0,2.0
17742.0,2098.48,113.0,11.0
17743.0,208.85,448.0,1.0
17744.0,2617.82,4.0,7.0
17745.0,600.34,478.0,2.0
17746.0,873.4300000000001,240.0,4.0
17747.0,64.65,113.0,1.0
17748.0,358.15,527.0,1.0
17749.0,1026.18,178.0,3.0
17750.0,1710.45,5.0,9.0
17751.0,157.85999999999999,421.0,1.0
17752.0,80.64,359.0,1.0
17753.0,379.56,464.0,4.0
17754.0,4383.08,1.0,13.0
17756.0,728.75,376.0,3.0
17757.0,8994.44,1.0,56.0
17758.0,4964.03,19.0,12.0
17759.0,1261.88,17.0,5.0
17760.0,739.14,22.0,6.0
17761.0,712.78,33.0,1.0
17762.0,129.75,456.0,1.0
17763.0,51.15,263.0,4.0
17764.0,1513.57,51.0,5.0
17765.0,524.0,159.0,4.0
17766.0,299.61,381.0,2.0
17767.0,413.05,15.0,2.0
17768.0,3287.78,8.0,7.0
17769.0,6944.96,13.0,17.0
17770.0,1143.27,199.0,5.0
17771.0,387.41,57.0,4.0
17772.0,360.75,11.0,3.0
17773.0,575.37,514.0,2.0
17774.0,2891.48,97.0,9.0
17775.0,56.4,255.0,1.0
17776.0,323.81,387.0,2.0
17777.0,647.56,25.0,3.0
17778.0,197.70000000000002,662.0,1.0
17779.0,633.92,21.0,3.0
17780.0,346.56,667.0,3.0
17781.0,188.02,159.0,2.0
17782.0,679.02,383.0,2.0
17783.0,376.96,72.0,3.0
17784.0,112.86,550.0,1.0
17785.0,403.38,53.0,3.0
17786.0,266.85,85.0,2.0
17787.0,1817.54,153.0,4.0
17788.0,1117.9,74.0,2.0
17789.0,397.15,281.0,2.0
17790.0,2779.41,27.0,20.0
17791.0,106.1,30.0,1.0
17792.0,368.35,467.0,2.0
17793.0,300.34,25.0,1.0
17794.0,147.3,687.0,2.0
17795.0,342.83,180.0,2.0
17796.0,1236.39,40.0,7.0
17797.0,1971.87,22.0,8.0
17798.0,178.07,582.0,1.0
17799.0,6121.78,22.0,20.0
17800.0,1187.21,37.0,9.0
17801.0,767.48,451.0,3.0
17802.0,4808.94,82.0,10.0
17803.0,184.66,392.0,1.0
17804.0,378.68,376.0,3.0
17805.0,927.03,74.0,2.0
17806.0,546.04,11.0,1.0
17807.0,437.87,395.0,3.0
17808.0,262.64,549.0,4.0
17809.0,9247.35,16.0,20.0
17810.0,343.21,669.0,2.0
17811.0,9358.53,4.0,47.0
17812.0,911.99,13.0,7.0
17813.0,1641.79,14.0,5.0
17814.0,1609.37,375.0,2.0
17815.0,591.96,393.0,1.0
17816.0,96.11,37.0,6.0
17817.0,781.45,4.0,6.0
17818.0,124.78,738.0,1.0
17819.0,5977.25,72.0,12.0
17820.0,156.56,374.0,1.0
17821.0,334.62,406.0,1.0
17822.0,2162.93,420.0,5.0
17823.0,449.25,421.0,2.0
17824.0,298.4,51.0,1.0
17825.0,701.96,599.0,4.0
17826.0,133.34,374.0,1.0
17827.0,2369.42,5.0,6.0
17828.0,1599.97,23.0,4.0
17829.0,4680.42,299.0,5.0
17830.0,398.7,2.0,3.0
17831.0,35.400000000000006,33.0,1.0
17832.0,155.37,50.0,1.0
17833.0,338.46000000000004,723.0,1.0
17834.0,689.6700000000001,415.0,2.0
17835.0,342.24,3.0,3.0
17836.0,110.21000000000001,47.0,1.0
17837.0,1508.38,42.0,8.0
17838.0,5134.49,27.0,13.0
17839.0,318.15,42.0,1.0
17840.0,175.9,444.0,1.0
17841.0,67186.87,2.0,211.0
17842.0,430.69,602.0,1.0
17843.0,320.4,303.0,2.0
17844.0,51.559999999999995,107.0,1.0
17845.0,596.09,555.0,4.0
17846.0,2033.1,85.0,1.0
17847.0,129.69,516.0,2.0
17848.0,3546.36,81.0,30.0
17849.0,1063.76,218.0,8.0
17850.0,50407.770000000004,372.0,155.0
17851.0,1552.35,422.0,6.0
17852.0,657.8100000000001,12.0,5.0
17853.0,1596.29,407.0,3.0
17854.0,1068.5,185.0,6.0
17855.0,208.97,373.0,1.0
17856.0,1393.79,2.0,4.0
17857.0,27231.34,4.0,24.0
17858.0,12444.3,6.0,30.0
17859.0,141.92000000000002,305.0,1.0
17860.0,717.39,369.0,4.0
17861.0,5025.19,3.0,18.0
17862.0,1254.89,324.0,4.0
17863.0,5360.48,59.0,12.0
17864.0,876.57,13.0,5.0
17865.0,25586.850000000002,31.0,46.0
17866.0,1131.0,143.0,3.0
17867.0,856.55,30.0,15.0
17868.0,227.15,386.0,1.0
17869.0,813.64,107.0,7.0
17870.0,2748.34,2.0,13.0
17871.0,1068.95,205.0,5.0
17872.0,235.87,382.0,1.0
17873.0,5979.01,80.0,18.0
17874.0,658.26,185.0,6.0
17875.0,167.1,688.0,1.0
17876.0,3424.02,400.0,3.0
17877.0,237.61,170.0,1.0
17878.0,1378.93,44.0,3.0
17879.0,178.51999999999998,174.0,1.0
17880.0,824.9200000000001,365.0,3.0
17881.0,133.35000000000002,304.0,1.0
17882.0,291.56,379.0,2.0
17883.0,972.52,3.0,7.0
17884.0,2654.47,4.0,20.0
17885.0,156.34,12.0,1.0
17886.0,1562.6,32.0,6.0
17887.0,111.35,129.0,1.0
17888.0,1305.9,21.0,25.0
17889.0,746.42,212.0,7.0
17890.0,586.89,323.0,2.0
17891.0,203.85999999999999,162.0,1.0
17892.0,244.1,56.0,3.0
17893.0,107.21,225.0,1.0
17894.0,2248.86,72.0,18.0
17895.0,95.45,44.0,1.0
17896.0,256.32,23.0,1.0
17897.0,2074.39,173.0,9.0
17898.0,299.18,85.0,4.0
17899.0,154.55,159.0,1.0
17900.0,15.0,190.0,2.0
17901.0,260.08,29.0,3.0
17902.0,216.39999999999998,547.0,1.0
17903.0,381.09000000000003,394.0,1.0
17904.0,168.32,21.0,1.0
17905.0,2169.57,71.0,13.0
17906.0,72.9,247.0,1.0
17907.0,291.76,641.0,1.0
17908.0,1088.82,374.0,5.0
17909.0,110.05,737.0,1.0
17910.0,261.7,726.0,1.0
17911.0,366.23,9.0,1.0
17912.0,359.15,310.0,6.0
17913.0,3429.29,59.0,14.0
17914.0,329.36,4.0,1.0
17915.0,225.78,551.0,1.0
17916.0,43.87,629.0,2.0
17917.0,335.03,45.0,3.0
17918.0,396.39,501.0,3.0
17919.0,1840.32,88.0,2.0
17920.0,23575.23,4.0,54.0
17921.0,2354.21,64.0,10.0
17922.0,170.4,543.0,1.0
17923.0,497.0,282.0,3.0
17924.0,3189.53,12.0,8.0
17925.0,244.08,373.0,1.0
17926.0,1035.49,133.0,5.0
17927.0,294.0,722.0,1.0
17928.0,341.24,45.0,3.0
17929.0,3073.6,11.0,12.0
17930.0,4242.92,36.0,13.0
17931.0,3270.91,134.0,14.0
17932.0,1331.57,29.0,3.0
17933.0,114.69,632.0,1.0
17934.0,1049.15,52.0,3.0
17935.0,655.54,138.0,7.0
17936.0,380.13,5.0,1.0
17937.0,4301.22,9.0,7.0
17938.0,144.29,420.0,1.0
17939.0,99.14,160.0,1.0
17940.0,26873.62,49.0,16.0
17941.0,1433.28,131.0,4.0
17942.0,77.50000000000001,8.0,1.0
17944.0,74.99,423.0,1.0
17945.0,360.35,697.0,3.0
17946.0,149.57999999999998,233.0,2.0
17947.0,176.68,37.0,1.0
17948.0,358.56000000000006,147.0,1.0
17949.0,97581.59,1.0,118.0
17950.0,1156.21,72.0,7.0
17951.0,1322.88,40.0,4.0
17952.0,788.46,378.0,4.0
17953.0,159.17000000000002,540.0,1.0
17954.0,3699.74,5.0,19.0
17955.0,949.9,199.0,6.0
17956.0,12.75,249.0,1.0
17957.0,111.68,66.0,1.0
17958.0,973.88,117.0,2.0
17959.0,140.75,592.0,1.0
17960.0,135.08,171.0,3.0
17961.0,2850.29,21.0,100.0
17962.0,652.56,142.0,4.0
17963.0,643.16,471.0,4.0
17964.0,463.21,32.0,2.0
17965.0,6883.45,38.0,29.0
17966.0,1963.92,38.0,10.0
17967.0,223.42,372.0,2.0
17968.0,590.4399999999999,374.0,4.0
17969.0,2235.54,166.0,20.0
17970.0,562.79,211.0,1.0
17971.0,161.94,548.0,1.0
17972.0,135.19,242.0,1.0
17973.0,337.04,52.0,1.0
17974.0,1739.09,25.0,6.0
17975.0,6595.18,15.0,24.0
17976.0,321.79,372.0,1.0
17977.0,1453.55,29.0,2.0
17978.0,1159.99,365.0,4.0
17979.0,712.51,36.0,4.0
17980.0,1012.72,166.0,4.0
17981.0,239.12,411.0,1.0
17982.0,138.18,681.0,1.0
17983.0,171.71,395.0,1.0
17984.0,1152.19,145.0,5.0
17985.0,631.35,22.0,1.0
17986.0,20.8,56.0,1.0
17987.0,889.92,185.0,5.0
17988.0,479.59,12.0,14.0
17989.0,207.32999999999998,379.0,1.0
17990.0,1522.5700000000002,237.0,6.0
17991.0,300.3,225.0,3.0
17992.0,252.88,389.0,1.0
17993.0,225.99,617.0,1.0
17994.0,2219.58,122.0,11.0
17995.0,495.48,282.0,3.0
17996.0,482.33,380.0,3.0
17997.0,1503.09,74.0,8.0
17998.0,601.74,380.0,3.0
17999.0,528.46,37.0,3.0
18000.0,124.25,564.0,1.0
18001.0,924.14,12.0,6.0
18002.0,244.37,376.0,4.0
18003.0,353.51,376.0,1.0
18004.0,157.92,362.0,1.0
18005.0,226.47,4.0,2.0
18006.0,969.51,23.0,4.0
18007.0,215.22,393.0,1.0
18008.0,19759.079999999998,70.0,23.0
18009.0,2065.48,235.0,8.0
18010.0,174.8,257.0,1.0
18011.0,410.79,373.0,2.0
18012.0,115.3,723.0,1.0
18013.0,187.29,155.0,2.0
18014.0,162.22,28.0,1.0
18015.0,120.03,4.0,1.0
18016.0,1954.56,32.0,7.0
18017.0,688.0,81.0,4.0
18018.0,156.69,108.0,4.0
18019.0,38.45,52.0,1.0
18020.0,129.28,544.0,1.0
18021.0,216.41,510.0,2.0
18022.0,1507.25,36.0,5.0
18024.0,236.77999999999997,153.0,2.0
18025.0,1177.72,380.0,6.0
18026.0,2074.07,501.0,2.0
18027.0,115.31,99.0,1.0
18028.0,192.05,583.0,1.0
18029.0,433.77,642.0,1.0
18030.0,220.7,4.0,2.0
18031.0,451.3,379.0,1.0
18032.0,73.5,334.0,1.0
18033.0,93.82000000000001,65.0,1.0
18034.0,754.2,22.0,3.0
18035.0,1260.23,36.0,5.0
18036.0,1545.49,32.0,11.0
18037.0,167.42,154.0,15.0
18038.0,141.48,556.0,1.0
18039.0,548.22,374.0,4.0
18040.0,357.20000000000005,19.0,2.0
18041.0,7936.04,12.0,38.0
18042.0,281.15,54.0,2.0
18043.0,529.29,25.0,3.0
18044.0,3502.66,4.0,18.0
18045.0,178.34,45.0,1.0
18046.0,189.63,650.0,1.0
18047.0,326.09,381.0,2.0
18048.0,394.93,203.0,3.0
18049.0,500.92,437.0,2.0
18050.0,412.06,359.0,2.0
18051.0,2275.98,634.0,7.0
18052.0,10877.18,565.0,1.0
18053.0,527.77,71.0,3.0
18054.0,176.5,393.0,1.0
18055.0,10110.59,7.0,14.0
18056.0,539.75,288.0,2.0
18057.0,1188.46,393.0,3.0
18058.0,774.06,10.0,3.0
18059.0,296.71,23.0,3.0
18060.0,1185.46,408.0,2.0
18061.0,6075.31,22.0,28.0
18062.0,1523.3700000000001,173.0,6.0
18063.0,186.60000000000002,391.0,2.0
18064.0,4427.98,133.0,11.0
18065.0,5836.88,6.0,29.0
18066.0,1440.4,75.0,3.0
18067.0,396.33,40.0,1.0
18068.0,101.69999999999999,289.0,1.0
18069.0,4450.07,26.0,11.0
18070.0,307.75,669.0,1.0
18071.0,1169.68,258.0,6.0
18072.0,-5.329070518200751e-15,186.0,1.0
18073.0,3846.7400000000002,114.0,12.0
18074.0,1019.44,374.0,2.0
18075.0,5579.91,23.0,20.0
18076.0,151.49,380.0,1.0
18077.0,4078.79,8.0,18.0
18078.0,725.53,217.0,4.0
18079.0,4203.93,45.0,5.0
18080.0,1231.5,19.0,2.0
18081.0,343.45,36.0,3.0
18082.0,680.84,26.0,1.0
18083.0,463.53,398.0,1.0
18084.0,176.02999999999997,16.0,3.0
18085.0,1341.8500000000001,330.0,4.0
18086.0,101.34,274.0,1.0
18087.0,14411.619999999999,98.0,17.0
18088.0,166.03,61.0,1.0
18089.0,428.45,447.0,1.0
18090.0,321.9,422.0,1.0
18091.0,360.85,593.0,1.0
18092.0,14687.47,2.0,18.0
18093.0,4429.61,93.0,8.0
18094.0,6322.62,82.0,13.0
18095.0,2303.09,313.0,5.0
18096.0,1657.87,12.0,6.0
18097.0,4616.77,8.0,11.0
18098.0,527.94,396.0,1.0
18099.0,168.31,127.0,1.0
18100.0,451.56,550.0,1.0
18101.0,622.01,11.0,5.0
18102.0,570380.61,1.0,145.0
18103.0,105.8,549.0,1.0
18104.0,754.64,37.0,1.0
18105.0,113.48000000000002,38.0,1.0
18106.0,1441.06,330.0,6.0
18107.0,165.88,442.0,1.0
18108.0,842.46,254.0,3.0
18109.0,9416.41,2.0,38.0
18110.0,362.03000000000003,20.0,2.0
18111.0,398.9,589.0,1.0
18112.0,773.36,12.0,4.0
18113.0,76.32000000000001,369.0,1.0
18114.0,220.1,290.0,1.0
18115.0,9.700000000000001,698.0,1.0
18116.0,2134.4900000000002,68.0,13.0
18117.0,315.65,26.0,1.0
18118.0,6157.87,11.0,29.0
18119.0,180.7,368.0,1.0
18120.0,111.15,214.0,1.0
18121.0,653.3,149.0,2.0
18122.0,1793.06,8.0,6.0
18123.0,666.64,24.0,3.0
18124.0,102.65,472.0,1.0
18125.0,1130.1,30.0,4.0
18126.0,200.92000000000002,61.0,1.0
18127.0,556.13,19.0,4.0
18128.0,399.29,537.0,1.0
18129.0,112.55000000000001,243.0,1.0
18130.0,1045.74,15.0,3.0
18131.0,222.95999999999998,632.0,1.0
18132.0,220.13,504.0,1.0
18133.0,715.4999999999999,212.0,1.0
18134.0,445.0,598.0,2.0
18135.0,1229.22,29.0,10.0
18136.0,1531.71,63.0,5.0
18137.0,145.99,551.0,2.0
18138.0,152.65,295.0,1.0
18139.0,8393.22,18.0,6.0
18140.0,536.41,474.0,1.0
18141.0,838.57,402.0,2.0
18142.0,1014.9,157.0,2.0
18143.0,1000.16,117.0,2.0
18144.0,4892.95,8.0,19.0
18145.0,5592.04,13.0,11.0
18146.0,160.35000000000002,141.0,2.0
18147.0,179.33999999999997,46.0,2.0
18148.0,112.85000000000001,647.0,1.0
18149.0,1553.96,51.0,7.0
18150.0,566.58,32.0,3.0
18151.0,1853.94,135.0,6.0
18152.0,426.69,646.0,1.0
18153.0,246.22,659.0,1.0
18154.0,932.6,3.0,5.0
18155.0,347.82,75.0,3.0
18156.0,675.64,13.0,2.0
18157.0,213.9,571.0,1.0
18158.0,451.75,9.0,2.0
18159.0,530.15,301.0,1.0
18160.0,1003.88,57.0,3.0
18161.0,1797.2,15.0,6.0
18162.0,371.51,732.0,1.0
18163.0,639.34,584.0,1.0
18164.0,394.7,37.0,1.0
18165.0,302.46000000000004,177.0,1.0
18166.0,175.5,624.0,1.0
18167.0,1355.51,23.0,3.0
18168.0,3352.3,176.0,16.0
18169.0,202.65,61.0,1.0
18170.0,2878.0,33.0,9.0
18171.0,2414.51,59.0,9.0
18172.0,17289.23,15.0,52.0
18173.0,2696.36,87.0,5.0
18174.0,162.5,7.0,2.0
18175.0,176.1,676.0,1.0
18176.0,448.65,358.0,1.0
18177.0,2189.07,31.0,9.0
18178.0,6054.49,129.0,11.0
18179.0,2547.55,9.0,8.0
18180.0,1843.75,5.0,6.0
18181.0,1166.61,24.0,5.0
18182.0,291.13,463.0,1.0
18183.0,600.52,227.0,2.0
18184.0,49.8,15.0,1.0
18185.0,304.25,249.0,1.0
18186.0,329.58,723.0,1.0
18187.0,682.19,632.0,1.0
18188.0,3263.19,15.0,6.0
18189.0,1396.58,78.0,3.0
18190.0,735.6700000000001,192.0,5.0
18191.0,529.4,262.0,2.0
18192.0,957.97,72.0,1.0
18193.0,1176.55,165.0,3.0
18194.0,4084.2000000000003,82.0,6.0
18195.0,101.16,387.0,1.0
18196.0,1457.19,95.0,4.0
18197.0,221.4,576.0,1.0
18198.0,5083.06,4.0,17.0
18199.0,342.2,684.0,1.0
18200.0,150.35,106.0,1.0
18201.0,447.53000000000003,723.0,1.0
18202.0,1396.99,200.0,3.0
18203.0,492.52,157.0,4.0
18204.0,1960.95,71.0,3.0
18205.0,517.36,36.0,2.0
18206.0,314.65999999999997,553.0,1.0
18207.0,505.12,499.0,1.0
18208.0,360.08,566.0,1.0
18209.0,139.10000000000002,29.0,1.0
18210.0,2768.83,2.0,7.0
18211.0,600.07,26.0,5.0
18212.0,514.37,326.0,2.0
18213.0,232.48000000000002,237.0,1.0
18214.0,1480.99,531.0,4.0
18215.0,2223.9900000000002,89.0,5.0
18216.0,481.75,31.0,1.0
18217.0,902.8,29.0,4.0
18218.0,1086.1399999999999,211.0,4.0
18219.0,3297.2000000000003,3.0,17.0
18220.0,1771.7,227.0,6.0
18221.0,1370.34,22.0,6.0
18222.0,443.0,93.0,1.0
18223.0,13497.58,5.0,26.0
18224.0,158.95000000000002,264.0,1.0
18225.0,12643.25,3.0,26.0
18226.0,11748.58,44.0,26.0
18227.0,93.75,218.0,2.0
18228.0,769.2,57.0,2.0
18229.0,10150.51,12.0,28.0
18230.0,4197.46,9.0,9.0
18231.0,6821.37,192.0,28.0
18232.0,582.47,82.0,4.0
18233.0,440.0,326.0,1.0
18234.0,179.6,552.0,1.0
18235.0,1796.48,72.0,3.0
18236.0,1795.3500000000001,30.0,12.0
18237.0,987.1,3.0,5.0
18238.0,270.92,515.0,1.0
18239.0,1712.26,219.0,6.0
18240.0,422.58,46.0,1.0
18241.0,2954.09,10.0,21.0
18242.0,3605.21,72.0,8.0
18243.0,515.78,414.0,1.0
18244.0,568.64,431.0,2.0
18245.0,6236.2300000000005,7.0,20.0
18246.0,758.8199999999999,24.0,3.0
18247.0,721.43,415.0,3.0
18248.0,783.02,123.0,2.0
18249.0,95.34,17.0,1.0
18250.0,342.92,310.0,1.0
18251.0,26278.86,87.0,9.0
18252.0,1457.19,51.0,7.0
18253.0,317.88,643.0,1.0
18254.0,267.9,581.0,1.0
18255.0,303.15,89.0,2.0
18256.0,60.599999999999994,388.0,1.0
18257.0,4496.8,39.0,12.0
18258.0,2040.97,464.0,6.0
18259.0,3941.9,25.0,7.0
18260.0,9737.1,173.0,23.0
18261.0,324.24,43.0,2.0
18262.0,577.54,140.0,3.0
18263.0,1211.08,26.0,3.0
18264.0,603.25,499.0,1.0
18265.0,801.51,72.0,2.0
18266.0,251.1,434.0,1.0
18267.0,252.87,673.0,1.0
18268.0,1451.22,134.0,6.0
18269.0,138.9,366.0,1.0
18270.0,400.35,38.0,3.0
18271.0,680.85,610.0,2.0
18272.0,4347.33,3.0,9.0
18273.0,357.0,2.0,4.0
18274.0,1.7763568394002505e-15,30.0,1.0
18275.0,741.85,578.0,2.0
18276.0,1620.67,44.0,6.0
18277.0,1111.38,58.0,5.0
18278.0,414.20000000000005,74.0,2.0
18279.0,231.33999999999997,519.0,1.0
18280.0,472.45000000000005,278.0,2.0
18281.0,201.14,181.0,2.0
18282.0,176.6,8.0,2.0
18283.0,2664.9,4.0,22.0
18284.0,436.68,432.0,1.0
18285.0,427.0,661.0,1.0
18286.0,1188.43,477.0,2.0
18287.0,4177.89,43.0,7.0
